INFO:     Started server process [81290]
INFO:     Waiting for application startup.
Ignoring index file '../model/datasets/gfs_20260927_18_f024.grb2.5b7b6.idx' older than GRIB file
Ignoring index file '../model/datasets/gfs_20260927_18_f024.grb2.5b7b6.idx' older than GRIB file
Ignoring index file '../model/datasets/gfs_20260927_18_f024.grb2.5b7b6.idx' older than GRIB file
Ignoring index file '../model/datasets/gfs_20260927_18_f024.grb2.5b7b6.idx' older than GRIB file
Ignoring index file '../model/datasets/gfs_20260927_18_f024.grb2.5b7b6.idx' older than GRIB file
Ignoring index file '../model/datasets/gfs_20260927_18_f024.grb2.5b7b6.idx' older than GRIB file
Ignoring index file '../model/datasets/gfs_20260927_18_f024.grb2.5b7b6.idx' older than GRIB file
Ignoring index file '../model/datasets/gfs_20260927_18_f024.grb2.5b7b6.idx' older than GRIB file
/Users/skakibahammed/code_playground/Forecast_Bust/.venv/lib/python3.13/site-packages/cfgrib/xarray_store.py:51: FutureWarning: In a future version of xarray the default value for compat will change from compat='no_conflicts' to compat='override'. This is likely to lead to different results when combining overlapping variables with the same name. To opt in to new defaults and get rid of these warnings now use `set_options(use_new_combine_kwarg_defaults=True) or set compat explicitly.
  o = xr.merge([o, ds], **kwargs)
/Users/skakibahammed/code_playground/Forecast_Bust/.venv/lib/python3.13/site-packages/cfgrib/xarray_store.py:51: FutureWarning: In a future version of xarray the default value for compat will change from compat='no_conflicts' to compat='override'. This is likely to lead to different results when combining overlapping variables with the same name. To opt in to new defaults and get rid of these warnings now use `set_options(use_new_combine_kwarg_defaults=True) or set compat explicitly.
  o = xr.merge([o, ds], **kwargs)
INFO:     Application startup complete.
INFO:     Uvicorn running on http://127.0.0.1:8011 (Press CTRL+C to quit)
Attempting live NOMADS pull: dir=/gfs.20260927/18/atmos, file=gfs.t18z.pgrb2.0p25.f024
INFO:     127.0.0.1:50867 - "GET /api/v1/health HTTP/1.1" 200 OK
INFO:     127.0.0.1:50869 - "GET /api/v1/health HTTP/1.1" 200 OK
INFO:     127.0.0.1:50871 - "GET /api/v1/health HTTP/1.1" 200 OK
INFO:     127.0.0.1:50873 - "GET /api/v1/health HTTP/1.1" 200 OK
Ignoring index file '/Users/skakibahammed/code_playground/Forecast_Bust/backend/app/../../model/datasets/gfs_cached_demo.grb2.5b7b6.idx' older than GRIB file
Ignoring index file '/Users/skakibahammed/code_playground/Forecast_Bust/backend/app/../../model/datasets/gfs_cached_demo.grb2.5b7b6.idx' older than GRIB file
Ignoring index file '/Users/skakibahammed/code_playground/Forecast_Bust/backend/app/../../model/datasets/gfs_cached_demo.grb2.5b7b6.idx' older than GRIB file
Ignoring index file '/Users/skakibahammed/code_playground/Forecast_Bust/backend/app/../../model/datasets/gfs_cached_demo.grb2.5b7b6.idx' older than GRIB file
Ignoring index file '/Users/skakibahammed/code_playground/Forecast_Bust/backend/app/../../model/datasets/gfs_cached_demo.grb2.5b7b6.idx' older than GRIB file
Ignoring index file '/Users/skakibahammed/code_playground/Forecast_Bust/backend/app/../../model/datasets/gfs_cached_demo.grb2.5b7b6.idx' older than GRIB file
Ignoring index file '/Users/skakibahammed/code_playground/Forecast_Bust/backend/app/../../model/datasets/gfs_cached_demo.grb2.5b7b6.idx' older than GRIB file
Ignoring index file '/Users/skakibahammed/code_playground/Forecast_Bust/backend/app/../../model/datasets/gfs_cached_demo.grb2.5b7b6.idx' older than GRIB file
/Users/skakibahammed/code_playground/Forecast_Bust/.venv/lib/python3.13/site-packages/cfgrib/xarray_store.py:51: FutureWarning: In a future version of xarray the default value for compat will change from compat='no_conflicts' to compat='override'. This is likely to lead to different results when combining overlapping variables with the same name. To opt in to new defaults and get rid of these warnings now use `set_options(use_new_combine_kwarg_defaults=True) or set compat explicitly.
  o = xr.merge([o, ds], **kwargs)
/Users/skakibahammed/code_playground/Forecast_Bust/.venv/lib/python3.13/site-packages/cfgrib/xarray_store.py:51: FutureWarning: In a future version of xarray the default value for compat will change from compat='no_conflicts' to compat='override'. This is likely to lead to different results when combining overlapping variables with the same name. To opt in to new defaults and get rid of these warnings now use `set_options(use_new_combine_kwarg_defaults=True) or set compat explicitly.
  o = xr.merge([o, ds], **kwargs)
/Users/skakibahammed/code_playground/Forecast_Bust/backend/app/feature_provider.py:102: UserWarning: You are merging on int and float columns where the float values are not equal to their int representation.
  merged = pd.merge(grid_df, live_df, on=['latitude', 'longitude', 'lead_time_hours'], how='left')
INFO:     127.0.0.1:50875 - "GET /api/v1/confidence-map?forecast_date=2026-09-27&lead_day=1 HTTP/1.1" 200 OK
Ignoring index file '/Users/skakibahammed/code_playground/Forecast_Bust/backend/app/../../model/datasets/gfs_cached_demo.grb2.5b7b6.idx' older than GRIB file
Ignoring index file '/Users/skakibahammed/code_playground/Forecast_Bust/backend/app/../../model/datasets/gfs_cached_demo.grb2.5b7b6.idx' older than GRIB file
Ignoring index file '/Users/skakibahammed/code_playground/Forecast_Bust/backend/app/../../model/datasets/gfs_cached_demo.grb2.5b7b6.idx' older than GRIB file
Ignoring index file '/Users/skakibahammed/code_playground/Forecast_Bust/backend/app/../../model/datasets/gfs_cached_demo.grb2.5b7b6.idx' older than GRIB file
Ignoring index file '/Users/skakibahammed/code_playground/Forecast_Bust/backend/app/../../model/datasets/gfs_cached_demo.grb2.5b7b6.idx' older than GRIB file
Ignoring index file '/Users/skakibahammed/code_playground/Forecast_Bust/backend/app/../../model/datasets/gfs_cached_demo.grb2.5b7b6.idx' older than GRIB file
Ignoring index file '/Users/skakibahammed/code_playground/Forecast_Bust/backend/app/../../model/datasets/gfs_cached_demo.grb2.5b7b6.idx' older than GRIB file
Ignoring index file '/Users/skakibahammed/code_playground/Forecast_Bust/backend/app/../../model/datasets/gfs_cached_demo.grb2.5b7b6.idx' older than GRIB file
/Users/skakibahammed/code_playground/Forecast_Bust/.venv/lib/python3.13/site-packages/cfgrib/xarray_store.py:51: FutureWarning: In a future version of xarray the default value for compat will change from compat='no_conflicts' to compat='override'. This is likely to lead to different results when combining overlapping variables with the same name. To opt in to new defaults and get rid of these warnings now use `set_options(use_new_combine_kwarg_defaults=True) or set compat explicitly.
  o = xr.merge([o, ds], **kwargs)
/Users/skakibahammed/code_playground/Forecast_Bust/.venv/lib/python3.13/site-packages/cfgrib/xarray_store.py:51: FutureWarning: In a future version of xarray the default value for compat will change from compat='no_conflicts' to compat='override'. This is likely to lead to different results when combining overlapping variables with the same name. To opt in to new defaults and get rid of these warnings now use `set_options(use_new_combine_kwarg_defaults=True) or set compat explicitly.
  o = xr.merge([o, ds], **kwargs)
/Users/skakibahammed/code_playground/Forecast_Bust/backend/app/feature_provider.py:102: UserWarning: You are merging on int and float columns where the float values are not equal to their int representation.
  merged = pd.merge(grid_df, live_df, on=['latitude', 'longitude', 'lead_time_hours'], how='left')
INFO:     127.0.0.1:50877 - "GET /api/v1/confidence-map?forecast_date=2026-09-27&lead_day=1 HTTP/1.1" 200 OK
Ignoring index file '/Users/skakibahammed/code_playground/Forecast_Bust/backend/app/../../model/datasets/gfs_cached_demo.grb2.5b7b6.idx' older than GRIB file
Ignoring index file '/Users/skakibahammed/code_playground/Forecast_Bust/backend/app/../../model/datasets/gfs_cached_demo.grb2.5b7b6.idx' older than GRIB file
Ignoring index file '/Users/skakibahammed/code_playground/Forecast_Bust/backend/app/../../model/datasets/gfs_cached_demo.grb2.5b7b6.idx' older than GRIB file
Ignoring index file '/Users/skakibahammed/code_playground/Forecast_Bust/backend/app/../../model/datasets/gfs_cached_demo.grb2.5b7b6.idx' older than GRIB file
Ignoring index file '/Users/skakibahammed/code_playground/Forecast_Bust/backend/app/../../model/datasets/gfs_cached_demo.grb2.5b7b6.idx' older than GRIB file
Ignoring index file '/Users/skakibahammed/code_playground/Forecast_Bust/backend/app/../../model/datasets/gfs_cached_demo.grb2.5b7b6.idx' older than GRIB file
Ignoring index file '/Users/skakibahammed/code_playground/Forecast_Bust/backend/app/../../model/datasets/gfs_cached_demo.grb2.5b7b6.idx' older than GRIB file
Ignoring index file '/Users/skakibahammed/code_playground/Forecast_Bust/backend/app/../../model/datasets/gfs_cached_demo.grb2.5b7b6.idx' older than GRIB file
/Users/skakibahammed/code_playground/Forecast_Bust/.venv/lib/python3.13/site-packages/cfgrib/xarray_store.py:51: FutureWarning: In a future version of xarray the default value for compat will change from compat='no_conflicts' to compat='override'. This is likely to lead to different results when combining overlapping variables with the same name. To opt in to new defaults and get rid of these warnings now use `set_options(use_new_combine_kwarg_defaults=True) or set compat explicitly.
  o = xr.merge([o, ds], **kwargs)
/Users/skakibahammed/code_playground/Forecast_Bust/.venv/lib/python3.13/site-packages/cfgrib/xarray_store.py:51: FutureWarning: In a future version of xarray the default value for compat will change from compat='no_conflicts' to compat='override'. This is likely to lead to different results when combining overlapping variables with the same name. To opt in to new defaults and get rid of these warnings now use `set_options(use_new_combine_kwarg_defaults=True) or set compat explicitly.
  o = xr.merge([o, ds], **kwargs)
/Users/skakibahammed/code_playground/Forecast_Bust/backend/app/feature_provider.py:102: UserWarning: You are merging on int and float columns where the float values are not equal to their int representation.
  merged = pd.merge(grid_df, live_df, on=['latitude', 'longitude', 'lead_time_hours'], how='left')
INFO:     127.0.0.1:50879 - "GET /api/v1/confidence-map?forecast_date=2026-09-27&lead_day=1 HTTP/1.1" 200 OK
Ignoring index file '/Users/skakibahammed/code_playground/Forecast_Bust/backend/app/../../model/datasets/gfs_cached_demo.grb2.5b7b6.idx' older than GRIB file
Ignoring index file '/Users/skakibahammed/code_playground/Forecast_Bust/backend/app/../../model/datasets/gfs_cached_demo.grb2.5b7b6.idx' older than GRIB file
Ignoring index file '/Users/skakibahammed/code_playground/Forecast_Bust/backend/app/../../model/datasets/gfs_cached_demo.grb2.5b7b6.idx' older than GRIB file
Ignoring index file '/Users/skakibahammed/code_playground/Forecast_Bust/backend/app/../../model/datasets/gfs_cached_demo.grb2.5b7b6.idx' older than GRIB file
Ignoring index file '/Users/skakibahammed/code_playground/Forecast_Bust/backend/app/../../model/datasets/gfs_cached_demo.grb2.5b7b6.idx' older than GRIB file
Ignoring index file '/Users/skakibahammed/code_playground/Forecast_Bust/backend/app/../../model/datasets/gfs_cached_demo.grb2.5b7b6.idx' older than GRIB file
Ignoring index file '/Users/skakibahammed/code_playground/Forecast_Bust/backend/app/../../model/datasets/gfs_cached_demo.grb2.5b7b6.idx' older than GRIB file
Ignoring index file '/Users/skakibahammed/code_playground/Forecast_Bust/backend/app/../../model/datasets/gfs_cached_demo.grb2.5b7b6.idx' older than GRIB file
/Users/skakibahammed/code_playground/Forecast_Bust/.venv/lib/python3.13/site-packages/cfgrib/xarray_store.py:51: FutureWarning: In a future version of xarray the default value for compat will change from compat='no_conflicts' to compat='override'. This is likely to lead to different results when combining overlapping variables with the same name. To opt in to new defaults and get rid of these warnings now use `set_options(use_new_combine_kwarg_defaults=True) or set compat explicitly.
  o = xr.merge([o, ds], **kwargs)
/Users/skakibahammed/code_playground/Forecast_Bust/.venv/lib/python3.13/site-packages/cfgrib/xarray_store.py:51: FutureWarning: In a future version of xarray the default value for compat will change from compat='no_conflicts' to compat='override'. This is likely to lead to different results when combining overlapping variables with the same name. To opt in to new defaults and get rid of these warnings now use `set_options(use_new_combine_kwarg_defaults=True) or set compat explicitly.
  o = xr.merge([o, ds], **kwargs)
Ignoring index file '/Users/skakibahammed/code_playground/Forecast_Bust/backend/app/../../model/datasets/gfs_cached_demo.grb2.5b7b6.idx' older than GRIB file
Ignoring index file '/Users/skakibahammed/code_playground/Forecast_Bust/backend/app/../../model/datasets/gfs_cached_demo.grb2.5b7b6.idx' older than GRIB file
Ignoring index file '/Users/skakibahammed/code_playground/Forecast_Bust/backend/app/../../model/datasets/gfs_cached_demo.grb2.5b7b6.idx' older than GRIB file
Ignoring index file '/Users/skakibahammed/code_playground/Forecast_Bust/backend/app/../../model/datasets/gfs_cached_demo.grb2.5b7b6.idx' older than GRIB file
Ignoring index file '/Users/skakibahammed/code_playground/Forecast_Bust/backend/app/../../model/datasets/gfs_cached_demo.grb2.5b7b6.idx' older than GRIB file
Ignoring index file '/Users/skakibahammed/code_playground/Forecast_Bust/backend/app/../../model/datasets/gfs_cached_demo.grb2.5b7b6.idx' older than GRIB file
Ignoring index file '/Users/skakibahammed/code_playground/Forecast_Bust/backend/app/../../model/datasets/gfs_cached_demo.grb2.5b7b6.idx' older than GRIB file
Ignoring index file '/Users/skakibahammed/code_playground/Forecast_Bust/backend/app/../../model/datasets/gfs_cached_demo.grb2.5b7b6.idx' older than GRIB file
/Users/skakibahammed/code_playground/Forecast_Bust/.venv/lib/python3.13/site-packages/cfgrib/xarray_store.py:51: FutureWarning: In a future version of xarray the default value for compat will change from compat='no_conflicts' to compat='override'. This is likely to lead to different results when combining overlapping variables with the same name. To opt in to new defaults and get rid of these warnings now use `set_options(use_new_combine_kwarg_defaults=True) or set compat explicitly.
  o = xr.merge([o, ds], **kwargs)
/Users/skakibahammed/code_playground/Forecast_Bust/.venv/lib/python3.13/site-packages/cfgrib/xarray_store.py:51: FutureWarning: In a future version of xarray the default value for compat will change from compat='no_conflicts' to compat='override'. This is likely to lead to different results when combining overlapping variables with the same name. To opt in to new defaults and get rid of these warnings now use `set_options(use_new_combine_kwarg_defaults=True) or set compat explicitly.
  o = xr.merge([o, ds], **kwargs)
Ignoring index file '/Users/skakibahammed/code_playground/Forecast_Bust/backend/app/../../model/datasets/gfs_cached_demo.grb2.5b7b6.idx' older than GRIB file
Ignoring index file '/Users/skakibahammed/code_playground/Forecast_Bust/backend/app/../../model/datasets/gfs_cached_demo.grb2.5b7b6.idx' older than GRIB file
Ignoring index file '/Users/skakibahammed/code_playground/Forecast_Bust/backend/app/../../model/datasets/gfs_cached_demo.grb2.5b7b6.idx' older than GRIB file
Ignoring index file '/Users/skakibahammed/code_playground/Forecast_Bust/backend/app/../../model/datasets/gfs_cached_demo.grb2.5b7b6.idx' older than GRIB file
Ignoring index file '/Users/skakibahammed/code_playground/Forecast_Bust/backend/app/../../model/datasets/gfs_cached_demo.grb2.5b7b6.idx' older than GRIB file
Ignoring index file '/Users/skakibahammed/code_playground/Forecast_Bust/backend/app/../../model/datasets/gfs_cached_demo.grb2.5b7b6.idx' older than GRIB file
Ignoring index file '/Users/skakibahammed/code_playground/Forecast_Bust/backend/app/../../model/datasets/gfs_cached_demo.grb2.5b7b6.idx' older than GRIB file
Ignoring index file '/Users/skakibahammed/code_playground/Forecast_Bust/backend/app/../../model/datasets/gfs_cached_demo.grb2.5b7b6.idx' older than GRIB file
/Users/skakibahammed/code_playground/Forecast_Bust/.venv/lib/python3.13/site-packages/cfgrib/xarray_store.py:51: FutureWarning: In a future version of xarray the default value for compat will change from compat='no_conflicts' to compat='override'. This is likely to lead to different results when combining overlapping variables with the same name. To opt in to new defaults and get rid of these warnings now use `set_options(use_new_combine_kwarg_defaults=True) or set compat explicitly.
  o = xr.merge([o, ds], **kwargs)
/Users/skakibahammed/code_playground/Forecast_Bust/.venv/lib/python3.13/site-packages/cfgrib/xarray_store.py:51: FutureWarning: In a future version of xarray the default value for compat will change from compat='no_conflicts' to compat='override'. This is likely to lead to different results when combining overlapping variables with the same name. To opt in to new defaults and get rid of these warnings now use `set_options(use_new_combine_kwarg_defaults=True) or set compat explicitly.
  o = xr.merge([o, ds], **kwargs)
Ignoring index file '/Users/skakibahammed/code_playground/Forecast_Bust/backend/app/../../model/datasets/gfs_cached_demo.grb2.5b7b6.idx' older than GRIB file
Ignoring index file '/Users/skakibahammed/code_playground/Forecast_Bust/backend/app/../../model/datasets/gfs_cached_demo.grb2.5b7b6.idx' older than GRIB file
Ignoring index file '/Users/skakibahammed/code_playground/Forecast_Bust/backend/app/../../model/datasets/gfs_cached_demo.grb2.5b7b6.idx' older than GRIB file
Ignoring index file '/Users/skakibahammed/code_playground/Forecast_Bust/backend/app/../../model/datasets/gfs_cached_demo.grb2.5b7b6.idx' older than GRIB file
Ignoring index file '/Users/skakibahammed/code_playground/Forecast_Bust/backend/app/../../model/datasets/gfs_cached_demo.grb2.5b7b6.idx' older than GRIB file
Ignoring index file '/Users/skakibahammed/code_playground/Forecast_Bust/backend/app/../../model/datasets/gfs_cached_demo.grb2.5b7b6.idx' older than GRIB file
Ignoring index file '/Users/skakibahammed/code_playground/Forecast_Bust/backend/app/../../model/datasets/gfs_cached_demo.grb2.5b7b6.idx' older than GRIB file
Ignoring index file '/Users/skakibahammed/code_playground/Forecast_Bust/backend/app/../../model/datasets/gfs_cached_demo.grb2.5b7b6.idx' older than GRIB file
/Users/skakibahammed/code_playground/Forecast_Bust/.venv/lib/python3.13/site-packages/cfgrib/xarray_store.py:51: FutureWarning: In a future version of xarray the default value for compat will change from compat='no_conflicts' to compat='override'. This is likely to lead to different results when combining overlapping variables with the same name. To opt in to new defaults and get rid of these warnings now use `set_options(use_new_combine_kwarg_defaults=True) or set compat explicitly.
  o = xr.merge([o, ds], **kwargs)
/Users/skakibahammed/code_playground/Forecast_Bust/.venv/lib/python3.13/site-packages/cfgrib/xarray_store.py:51: FutureWarning: In a future version of xarray the default value for compat will change from compat='no_conflicts' to compat='override'. This is likely to lead to different results when combining overlapping variables with the same name. To opt in to new defaults and get rid of these warnings now use `set_options(use_new_combine_kwarg_defaults=True) or set compat explicitly.
  o = xr.merge([o, ds], **kwargs)
Ignoring index file '/Users/skakibahammed/code_playground/Forecast_Bust/backend/app/../../model/datasets/gfs_cached_demo.grb2.5b7b6.idx' older than GRIB file
Ignoring index file '/Users/skakibahammed/code_playground/Forecast_Bust/backend/app/../../model/datasets/gfs_cached_demo.grb2.5b7b6.idx' older than GRIB file
Ignoring index file '/Users/skakibahammed/code_playground/Forecast_Bust/backend/app/../../model/datasets/gfs_cached_demo.grb2.5b7b6.idx' older than GRIB file
Ignoring index file '/Users/skakibahammed/code_playground/Forecast_Bust/backend/app/../../model/datasets/gfs_cached_demo.grb2.5b7b6.idx' older than GRIB file
Ignoring index file '/Users/skakibahammed/code_playground/Forecast_Bust/backend/app/../../model/datasets/gfs_cached_demo.grb2.5b7b6.idx' older than GRIB file
Ignoring index file '/Users/skakibahammed/code_playground/Forecast_Bust/backend/app/../../model/datasets/gfs_cached_demo.grb2.5b7b6.idx' older than GRIB file
Ignoring index file '/Users/skakibahammed/code_playground/Forecast_Bust/backend/app/../../model/datasets/gfs_cached_demo.grb2.5b7b6.idx' older than GRIB file
Ignoring index file '/Users/skakibahammed/code_playground/Forecast_Bust/backend/app/../../model/datasets/gfs_cached_demo.grb2.5b7b6.idx' older than GRIB file
/Users/skakibahammed/code_playground/Forecast_Bust/.venv/lib/python3.13/site-packages/cfgrib/xarray_store.py:51: FutureWarning: In a future version of xarray the default value for compat will change from compat='no_conflicts' to compat='override'. This is likely to lead to different results when combining overlapping variables with the same name. To opt in to new defaults and get rid of these warnings now use `set_options(use_new_combine_kwarg_defaults=True) or set compat explicitly.
  o = xr.merge([o, ds], **kwargs)
/Users/skakibahammed/code_playground/Forecast_Bust/.venv/lib/python3.13/site-packages/cfgrib/xarray_store.py:51: FutureWarning: In a future version of xarray the default value for compat will change from compat='no_conflicts' to compat='override'. This is likely to lead to different results when combining overlapping variables with the same name. To opt in to new defaults and get rid of these warnings now use `set_options(use_new_combine_kwarg_defaults=True) or set compat explicitly.
  o = xr.merge([o, ds], **kwargs)
Ignoring index file '/Users/skakibahammed/code_playground/Forecast_Bust/backend/app/../../model/datasets/gfs_cached_demo.grb2.5b7b6.idx' older than GRIB file
Ignoring index file '/Users/skakibahammed/code_playground/Forecast_Bust/backend/app/../../model/datasets/gfs_cached_demo.grb2.5b7b6.idx' older than GRIB file
Ignoring index file '/Users/skakibahammed/code_playground/Forecast_Bust/backend/app/../../model/datasets/gfs_cached_demo.grb2.5b7b6.idx' older than GRIB file
Ignoring index file '/Users/skakibahammed/code_playground/Forecast_Bust/backend/app/../../model/datasets/gfs_cached_demo.grb2.5b7b6.idx' older than GRIB file
Ignoring index file '/Users/skakibahammed/code_playground/Forecast_Bust/backend/app/../../model/datasets/gfs_cached_demo.grb2.5b7b6.idx' older than GRIB file
Ignoring index file '/Users/skakibahammed/code_playground/Forecast_Bust/backend/app/../../model/datasets/gfs_cached_demo.grb2.5b7b6.idx' older than GRIB file
Ignoring index file '/Users/skakibahammed/code_playground/Forecast_Bust/backend/app/../../model/datasets/gfs_cached_demo.grb2.5b7b6.idx' older than GRIB file
Ignoring index file '/Users/skakibahammed/code_playground/Forecast_Bust/backend/app/../../model/datasets/gfs_cached_demo.grb2.5b7b6.idx' older than GRIB file
/Users/skakibahammed/code_playground/Forecast_Bust/.venv/lib/python3.13/site-packages/cfgrib/xarray_store.py:51: FutureWarning: In a future version of xarray the default value for compat will change from compat='no_conflicts' to compat='override'. This is likely to lead to different results when combining overlapping variables with the same name. To opt in to new defaults and get rid of these warnings now use `set_options(use_new_combine_kwarg_defaults=True) or set compat explicitly.
  o = xr.merge([o, ds], **kwargs)
/Users/skakibahammed/code_playground/Forecast_Bust/.venv/lib/python3.13/site-packages/cfgrib/xarray_store.py:51: FutureWarning: In a future version of xarray the default value for compat will change from compat='no_conflicts' to compat='override'. This is likely to lead to different results when combining overlapping variables with the same name. To opt in to new defaults and get rid of these warnings now use `set_options(use_new_combine_kwarg_defaults=True) or set compat explicitly.
  o = xr.merge([o, ds], **kwargs)
Ignoring index file '/Users/skakibahammed/code_playground/Forecast_Bust/backend/app/../../model/datasets/gfs_cached_demo.grb2.5b7b6.idx' older than GRIB file
Ignoring index file '/Users/skakibahammed/code_playground/Forecast_Bust/backend/app/../../model/datasets/gfs_cached_demo.grb2.5b7b6.idx' older than GRIB file
Ignoring index file '/Users/skakibahammed/code_playground/Forecast_Bust/backend/app/../../model/datasets/gfs_cached_demo.grb2.5b7b6.idx' older than GRIB file
Ignoring index file '/Users/skakibahammed/code_playground/Forecast_Bust/backend/app/../../model/datasets/gfs_cached_demo.grb2.5b7b6.idx' older than GRIB file
Ignoring index file '/Users/skakibahammed/code_playground/Forecast_Bust/backend/app/../../model/datasets/gfs_cached_demo.grb2.5b7b6.idx' older than GRIB file
Ignoring index file '/Users/skakibahammed/code_playground/Forecast_Bust/backend/app/../../model/datasets/gfs_cached_demo.grb2.5b7b6.idx' older than GRIB file
Ignoring index file '/Users/skakibahammed/code_playground/Forecast_Bust/backend/app/../../model/datasets/gfs_cached_demo.grb2.5b7b6.idx' older than GRIB file
Ignoring index file '/Users/skakibahammed/code_playground/Forecast_Bust/backend/app/../../model/datasets/gfs_cached_demo.grb2.5b7b6.idx' older than GRIB file
/Users/skakibahammed/code_playground/Forecast_Bust/.venv/lib/python3.13/site-packages/cfgrib/xarray_store.py:51: FutureWarning: In a future version of xarray the default value for compat will change from compat='no_conflicts' to compat='override'. This is likely to lead to different results when combining overlapping variables with the same name. To opt in to new defaults and get rid of these warnings now use `set_options(use_new_combine_kwarg_defaults=True) or set compat explicitly.
  o = xr.merge([o, ds], **kwargs)
/Users/skakibahammed/code_playground/Forecast_Bust/.venv/lib/python3.13/site-packages/cfgrib/xarray_store.py:51: FutureWarning: In a future version of xarray the default value for compat will change from compat='no_conflicts' to compat='override'. This is likely to lead to different results when combining overlapping variables with the same name. To opt in to new defaults and get rid of these warnings now use `set_options(use_new_combine_kwarg_defaults=True) or set compat explicitly.
  o = xr.merge([o, ds], **kwargs)
Ignoring index file '/Users/skakibahammed/code_playground/Forecast_Bust/backend/app/../../model/datasets/gfs_cached_demo.grb2.5b7b6.idx' older than GRIB file
Ignoring index file '/Users/skakibahammed/code_playground/Forecast_Bust/backend/app/../../model/datasets/gfs_cached_demo.grb2.5b7b6.idx' older than GRIB file
Ignoring index file '/Users/skakibahammed/code_playground/Forecast_Bust/backend/app/../../model/datasets/gfs_cached_demo.grb2.5b7b6.idx' older than GRIB file
Ignoring index file '/Users/skakibahammed/code_playground/Forecast_Bust/backend/app/../../model/datasets/gfs_cached_demo.grb2.5b7b6.idx' older than GRIB file
Ignoring index file '/Users/skakibahammed/code_playground/Forecast_Bust/backend/app/../../model/datasets/gfs_cached_demo.grb2.5b7b6.idx' older than GRIB file
Ignoring index file '/Users/skakibahammed/code_playground/Forecast_Bust/backend/app/../../model/datasets/gfs_cached_demo.grb2.5b7b6.idx' older than GRIB file
Ignoring index file '/Users/skakibahammed/code_playground/Forecast_Bust/backend/app/../../model/datasets/gfs_cached_demo.grb2.5b7b6.idx' older than GRIB file
Ignoring index file '/Users/skakibahammed/code_playground/Forecast_Bust/backend/app/../../model/datasets/gfs_cached_demo.grb2.5b7b6.idx' older than GRIB file
/Users/skakibahammed/code_playground/Forecast_Bust/.venv/lib/python3.13/site-packages/cfgrib/xarray_store.py:51: FutureWarning: In a future version of xarray the default value for compat will change from compat='no_conflicts' to compat='override'. This is likely to lead to different results when combining overlapping variables with the same name. To opt in to new defaults and get rid of these warnings now use `set_options(use_new_combine_kwarg_defaults=True) or set compat explicitly.
  o = xr.merge([o, ds], **kwargs)
/Users/skakibahammed/code_playground/Forecast_Bust/.venv/lib/python3.13/site-packages/cfgrib/xarray_store.py:51: FutureWarning: In a future version of xarray the default value for compat will change from compat='no_conflicts' to compat='override'. This is likely to lead to different results when combining overlapping variables with the same name. To opt in to new defaults and get rid of these warnings now use `set_options(use_new_combine_kwarg_defaults=True) or set compat explicitly.
  o = xr.merge([o, ds], **kwargs)
Ignoring index file '/Users/skakibahammed/code_playground/Forecast_Bust/backend/app/../../model/datasets/gfs_cached_demo.grb2.5b7b6.idx' older than GRIB file
Ignoring index file '/Users/skakibahammed/code_playground/Forecast_Bust/backend/app/../../model/datasets/gfs_cached_demo.grb2.5b7b6.idx' older than GRIB file
Ignoring index file '/Users/skakibahammed/code_playground/Forecast_Bust/backend/app/../../model/datasets/gfs_cached_demo.grb2.5b7b6.idx' older than GRIB file
Ignoring index file '/Users/skakibahammed/code_playground/Forecast_Bust/backend/app/../../model/datasets/gfs_cached_demo.grb2.5b7b6.idx' older than GRIB file
Ignoring index file '/Users/skakibahammed/code_playground/Forecast_Bust/backend/app/../../model/datasets/gfs_cached_demo.grb2.5b7b6.idx' older than GRIB file
Ignoring index file '/Users/skakibahammed/code_playground/Forecast_Bust/backend/app/../../model/datasets/gfs_cached_demo.grb2.5b7b6.idx' older than GRIB file
Ignoring index file '/Users/skakibahammed/code_playground/Forecast_Bust/backend/app/../../model/datasets/gfs_cached_demo.grb2.5b7b6.idx' older than GRIB file
Ignoring index file '/Users/skakibahammed/code_playground/Forecast_Bust/backend/app/../../model/datasets/gfs_cached_demo.grb2.5b7b6.idx' older than GRIB file
/Users/skakibahammed/code_playground/Forecast_Bust/.venv/lib/python3.13/site-packages/cfgrib/xarray_store.py:51: FutureWarning: In a future version of xarray the default value for compat will change from compat='no_conflicts' to compat='override'. This is likely to lead to different results when combining overlapping variables with the same name. To opt in to new defaults and get rid of these warnings now use `set_options(use_new_combine_kwarg_defaults=True) or set compat explicitly.
  o = xr.merge([o, ds], **kwargs)
/Users/skakibahammed/code_playground/Forecast_Bust/.venv/lib/python3.13/site-packages/cfgrib/xarray_store.py:51: FutureWarning: In a future version of xarray the default value for compat will change from compat='no_conflicts' to compat='override'. This is likely to lead to different results when combining overlapping variables with the same name. To opt in to new defaults and get rid of these warnings now use `set_options(use_new_combine_kwarg_defaults=True) or set compat explicitly.
  o = xr.merge([o, ds], **kwargs)
Ignoring index file '/Users/skakibahammed/code_playground/Forecast_Bust/backend/app/../../model/datasets/gfs_cached_demo.grb2.5b7b6.idx' older than GRIB file
Ignoring index file '/Users/skakibahammed/code_playground/Forecast_Bust/backend/app/../../model/datasets/gfs_cached_demo.grb2.5b7b6.idx' older than GRIB file
Ignoring index file '/Users/skakibahammed/code_playground/Forecast_Bust/backend/app/../../model/datasets/gfs_cached_demo.grb2.5b7b6.idx' older than GRIB file
Ignoring index file '/Users/skakibahammed/code_playground/Forecast_Bust/backend/app/../../model/datasets/gfs_cached_demo.grb2.5b7b6.idx' older than GRIB file
Ignoring index file '/Users/skakibahammed/code_playground/Forecast_Bust/backend/app/../../model/datasets/gfs_cached_demo.grb2.5b7b6.idx' older than GRIB file
Ignoring index file '/Users/skakibahammed/code_playground/Forecast_Bust/backend/app/../../model/datasets/gfs_cached_demo.grb2.5b7b6.idx' older than GRIB file
Ignoring index file '/Users/skakibahammed/code_playground/Forecast_Bust/backend/app/../../model/datasets/gfs_cached_demo.grb2.5b7b6.idx' older than GRIB file
Ignoring index file '/Users/skakibahammed/code_playground/Forecast_Bust/backend/app/../../model/datasets/gfs_cached_demo.grb2.5b7b6.idx' older than GRIB file
/Users/skakibahammed/code_playground/Forecast_Bust/.venv/lib/python3.13/site-packages/cfgrib/xarray_store.py:51: FutureWarning: In a future version of xarray the default value for compat will change from compat='no_conflicts' to compat='override'. This is likely to lead to different results when combining overlapping variables with the same name. To opt in to new defaults and get rid of these warnings now use `set_options(use_new_combine_kwarg_defaults=True) or set compat explicitly.
  o = xr.merge([o, ds], **kwargs)
/Users/skakibahammed/code_playground/Forecast_Bust/.venv/lib/python3.13/site-packages/cfgrib/xarray_store.py:51: FutureWarning: In a future version of xarray the default value for compat will change from compat='no_conflicts' to compat='override'. This is likely to lead to different results when combining overlapping variables with the same name. To opt in to new defaults and get rid of these warnings now use `set_options(use_new_combine_kwarg_defaults=True) or set compat explicitly.
  o = xr.merge([o, ds], **kwargs)
INFO:     127.0.0.1:50881 - "GET /api/v1/grid/22.5_88.25/timeseries?forecast_date=2026-09-27 HTTP/1.1" 200 OK
Ignoring index file '/Users/skakibahammed/code_playground/Forecast_Bust/backend/app/../../model/datasets/gfs_cached_demo.grb2.5b7b6.idx' older than GRIB file
Ignoring index file '/Users/skakibahammed/code_playground/Forecast_Bust/backend/app/../../model/datasets/gfs_cached_demo.grb2.5b7b6.idx' older than GRIB file
Ignoring index file '/Users/skakibahammed/code_playground/Forecast_Bust/backend/app/../../model/datasets/gfs_cached_demo.grb2.5b7b6.idx' older than GRIB file
Ignoring index file '/Users/skakibahammed/code_playground/Forecast_Bust/backend/app/../../model/datasets/gfs_cached_demo.grb2.5b7b6.idx' older than GRIB file
Ignoring index file '/Users/skakibahammed/code_playground/Forecast_Bust/backend/app/../../model/datasets/gfs_cached_demo.grb2.5b7b6.idx' older than GRIB file
Ignoring index file '/Users/skakibahammed/code_playground/Forecast_Bust/backend/app/../../model/datasets/gfs_cached_demo.grb2.5b7b6.idx' older than GRIB file
Ignoring index file '/Users/skakibahammed/code_playground/Forecast_Bust/backend/app/../../model/datasets/gfs_cached_demo.grb2.5b7b6.idx' older than GRIB file
Ignoring index file '/Users/skakibahammed/code_playground/Forecast_Bust/backend/app/../../model/datasets/gfs_cached_demo.grb2.5b7b6.idx' older than GRIB file
/Users/skakibahammed/code_playground/Forecast_Bust/.venv/lib/python3.13/site-packages/cfgrib/xarray_store.py:51: FutureWarning: In a future version of xarray the default value for compat will change from compat='no_conflicts' to compat='override'. This is likely to lead to different results when combining overlapping variables with the same name. To opt in to new defaults and get rid of these warnings now use `set_options(use_new_combine_kwarg_defaults=True) or set compat explicitly.
  o = xr.merge([o, ds], **kwargs)
/Users/skakibahammed/code_playground/Forecast_Bust/.venv/lib/python3.13/site-packages/cfgrib/xarray_store.py:51: FutureWarning: In a future version of xarray the default value for compat will change from compat='no_conflicts' to compat='override'. This is likely to lead to different results when combining overlapping variables with the same name. To opt in to new defaults and get rid of these warnings now use `set_options(use_new_combine_kwarg_defaults=True) or set compat explicitly.
  o = xr.merge([o, ds], **kwargs)
Ignoring index file '/Users/skakibahammed/code_playground/Forecast_Bust/backend/app/../../model/datasets/gfs_cached_demo.grb2.5b7b6.idx' older than GRIB file
Ignoring index file '/Users/skakibahammed/code_playground/Forecast_Bust/backend/app/../../model/datasets/gfs_cached_demo.grb2.5b7b6.idx' older than GRIB file
Ignoring index file '/Users/skakibahammed/code_playground/Forecast_Bust/backend/app/../../model/datasets/gfs_cached_demo.grb2.5b7b6.idx' older than GRIB file
Ignoring index file '/Users/skakibahammed/code_playground/Forecast_Bust/backend/app/../../model/datasets/gfs_cached_demo.grb2.5b7b6.idx' older than GRIB file
Ignoring index file '/Users/skakibahammed/code_playground/Forecast_Bust/backend/app/../../model/datasets/gfs_cached_demo.grb2.5b7b6.idx' older than GRIB file
Ignoring index file '/Users/skakibahammed/code_playground/Forecast_Bust/backend/app/../../model/datasets/gfs_cached_demo.grb2.5b7b6.idx' older than GRIB file
Ignoring index file '/Users/skakibahammed/code_playground/Forecast_Bust/backend/app/../../model/datasets/gfs_cached_demo.grb2.5b7b6.idx' older than GRIB file
Ignoring index file '/Users/skakibahammed/code_playground/Forecast_Bust/backend/app/../../model/datasets/gfs_cached_demo.grb2.5b7b6.idx' older than GRIB file
/Users/skakibahammed/code_playground/Forecast_Bust/.venv/lib/python3.13/site-packages/cfgrib/xarray_store.py:51: FutureWarning: In a future version of xarray the default value for compat will change from compat='no_conflicts' to compat='override'. This is likely to lead to different results when combining overlapping variables with the same name. To opt in to new defaults and get rid of these warnings now use `set_options(use_new_combine_kwarg_defaults=True) or set compat explicitly.
  o = xr.merge([o, ds], **kwargs)
/Users/skakibahammed/code_playground/Forecast_Bust/.venv/lib/python3.13/site-packages/cfgrib/xarray_store.py:51: FutureWarning: In a future version of xarray the default value for compat will change from compat='no_conflicts' to compat='override'. This is likely to lead to different results when combining overlapping variables with the same name. To opt in to new defaults and get rid of these warnings now use `set_options(use_new_combine_kwarg_defaults=True) or set compat explicitly.
  o = xr.merge([o, ds], **kwargs)
Ignoring index file '/Users/skakibahammed/code_playground/Forecast_Bust/backend/app/../../model/datasets/gfs_cached_demo.grb2.5b7b6.idx' older than GRIB file
Ignoring index file '/Users/skakibahammed/code_playground/Forecast_Bust/backend/app/../../model/datasets/gfs_cached_demo.grb2.5b7b6.idx' older than GRIB file
Ignoring index file '/Users/skakibahammed/code_playground/Forecast_Bust/backend/app/../../model/datasets/gfs_cached_demo.grb2.5b7b6.idx' older than GRIB file
Ignoring index file '/Users/skakibahammed/code_playground/Forecast_Bust/backend/app/../../model/datasets/gfs_cached_demo.grb2.5b7b6.idx' older than GRIB file
Ignoring index file '/Users/skakibahammed/code_playground/Forecast_Bust/backend/app/../../model/datasets/gfs_cached_demo.grb2.5b7b6.idx' older than GRIB file
Ignoring index file '/Users/skakibahammed/code_playground/Forecast_Bust/backend/app/../../model/datasets/gfs_cached_demo.grb2.5b7b6.idx' older than GRIB file
Ignoring index file '/Users/skakibahammed/code_playground/Forecast_Bust/backend/app/../../model/datasets/gfs_cached_demo.grb2.5b7b6.idx' older than GRIB file
Ignoring index file '/Users/skakibahammed/code_playground/Forecast_Bust/backend/app/../../model/datasets/gfs_cached_demo.grb2.5b7b6.idx' older than GRIB file
/Users/skakibahammed/code_playground/Forecast_Bust/.venv/lib/python3.13/site-packages/cfgrib/xarray_store.py:51: FutureWarning: In a future version of xarray the default value for compat will change from compat='no_conflicts' to compat='override'. This is likely to lead to different results when combining overlapping variables with the same name. To opt in to new defaults and get rid of these warnings now use `set_options(use_new_combine_kwarg_defaults=True) or set compat explicitly.
  o = xr.merge([o, ds], **kwargs)
/Users/skakibahammed/code_playground/Forecast_Bust/.venv/lib/python3.13/site-packages/cfgrib/xarray_store.py:51: FutureWarning: In a future version of xarray the default value for compat will change from compat='no_conflicts' to compat='override'. This is likely to lead to different results when combining overlapping variables with the same name. To opt in to new defaults and get rid of these warnings now use `set_options(use_new_combine_kwarg_defaults=True) or set compat explicitly.
  o = xr.merge([o, ds], **kwargs)
Ignoring index file '/Users/skakibahammed/code_playground/Forecast_Bust/backend/app/../../model/datasets/gfs_cached_demo.grb2.5b7b6.idx' older than GRIB file
Ignoring index file '/Users/skakibahammed/code_playground/Forecast_Bust/backend/app/../../model/datasets/gfs_cached_demo.grb2.5b7b6.idx' older than GRIB file
Ignoring index file '/Users/skakibahammed/code_playground/Forecast_Bust/backend/app/../../model/datasets/gfs_cached_demo.grb2.5b7b6.idx' older than GRIB file
Ignoring index file '/Users/skakibahammed/code_playground/Forecast_Bust/backend/app/../../model/datasets/gfs_cached_demo.grb2.5b7b6.idx' older than GRIB file
Ignoring index file '/Users/skakibahammed/code_playground/Forecast_Bust/backend/app/../../model/datasets/gfs_cached_demo.grb2.5b7b6.idx' older than GRIB file
Ignoring index file '/Users/skakibahammed/code_playground/Forecast_Bust/backend/app/../../model/datasets/gfs_cached_demo.grb2.5b7b6.idx' older than GRIB file
Ignoring index file '/Users/skakibahammed/code_playground/Forecast_Bust/backend/app/../../model/datasets/gfs_cached_demo.grb2.5b7b6.idx' older than GRIB file
Ignoring index file '/Users/skakibahammed/code_playground/Forecast_Bust/backend/app/../../model/datasets/gfs_cached_demo.grb2.5b7b6.idx' older than GRIB file
/Users/skakibahammed/code_playground/Forecast_Bust/.venv/lib/python3.13/site-packages/cfgrib/xarray_store.py:51: FutureWarning: In a future version of xarray the default value for compat will change from compat='no_conflicts' to compat='override'. This is likely to lead to different results when combining overlapping variables with the same name. To opt in to new defaults and get rid of these warnings now use `set_options(use_new_combine_kwarg_defaults=True) or set compat explicitly.
  o = xr.merge([o, ds], **kwargs)
/Users/skakibahammed/code_playground/Forecast_Bust/.venv/lib/python3.13/site-packages/cfgrib/xarray_store.py:51: FutureWarning: In a future version of xarray the default value for compat will change from compat='no_conflicts' to compat='override'. This is likely to lead to different results when combining overlapping variables with the same name. To opt in to new defaults and get rid of these warnings now use `set_options(use_new_combine_kwarg_defaults=True) or set compat explicitly.
  o = xr.merge([o, ds], **kwargs)
Ignoring index file '/Users/skakibahammed/code_playground/Forecast_Bust/backend/app/../../model/datasets/gfs_cached_demo.grb2.5b7b6.idx' older than GRIB file
Ignoring index file '/Users/skakibahammed/code_playground/Forecast_Bust/backend/app/../../model/datasets/gfs_cached_demo.grb2.5b7b6.idx' older than GRIB file
Ignoring index file '/Users/skakibahammed/code_playground/Forecast_Bust/backend/app/../../model/datasets/gfs_cached_demo.grb2.5b7b6.idx' older than GRIB file
Ignoring index file '/Users/skakibahammed/code_playground/Forecast_Bust/backend/app/../../model/datasets/gfs_cached_demo.grb2.5b7b6.idx' older than GRIB file
Ignoring index file '/Users/skakibahammed/code_playground/Forecast_Bust/backend/app/../../model/datasets/gfs_cached_demo.grb2.5b7b6.idx' older than GRIB file
Ignoring index file '/Users/skakibahammed/code_playground/Forecast_Bust/backend/app/../../model/datasets/gfs_cached_demo.grb2.5b7b6.idx' older than GRIB file
Ignoring index file '/Users/skakibahammed/code_playground/Forecast_Bust/backend/app/../../model/datasets/gfs_cached_demo.grb2.5b7b6.idx' older than GRIB file
Ignoring index file '/Users/skakibahammed/code_playground/Forecast_Bust/backend/app/../../model/datasets/gfs_cached_demo.grb2.5b7b6.idx' older than GRIB file
/Users/skakibahammed/code_playground/Forecast_Bust/.venv/lib/python3.13/site-packages/cfgrib/xarray_store.py:51: FutureWarning: In a future version of xarray the default value for compat will change from compat='no_conflicts' to compat='override'. This is likely to lead to different results when combining overlapping variables with the same name. To opt in to new defaults and get rid of these warnings now use `set_options(use_new_combine_kwarg_defaults=True) or set compat explicitly.
  o = xr.merge([o, ds], **kwargs)
/Users/skakibahammed/code_playground/Forecast_Bust/.venv/lib/python3.13/site-packages/cfgrib/xarray_store.py:51: FutureWarning: In a future version of xarray the default value for compat will change from compat='no_conflicts' to compat='override'. This is likely to lead to different results when combining overlapping variables with the same name. To opt in to new defaults and get rid of these warnings now use `set_options(use_new_combine_kwarg_defaults=True) or set compat explicitly.
  o = xr.merge([o, ds], **kwargs)
Ignoring index file '/Users/skakibahammed/code_playground/Forecast_Bust/backend/app/../../model/datasets/gfs_cached_demo.grb2.5b7b6.idx' older than GRIB file
Ignoring index file '/Users/skakibahammed/code_playground/Forecast_Bust/backend/app/../../model/datasets/gfs_cached_demo.grb2.5b7b6.idx' older than GRIB file
Ignoring index file '/Users/skakibahammed/code_playground/Forecast_Bust/backend/app/../../model/datasets/gfs_cached_demo.grb2.5b7b6.idx' older than GRIB file
Ignoring index file '/Users/skakibahammed/code_playground/Forecast_Bust/backend/app/../../model/datasets/gfs_cached_demo.grb2.5b7b6.idx' older than GRIB file
Ignoring index file '/Users/skakibahammed/code_playground/Forecast_Bust/backend/app/../../model/datasets/gfs_cached_demo.grb2.5b7b6.idx' older than GRIB file
Ignoring index file '/Users/skakibahammed/code_playground/Forecast_Bust/backend/app/../../model/datasets/gfs_cached_demo.grb2.5b7b6.idx' older than GRIB file
Ignoring index file '/Users/skakibahammed/code_playground/Forecast_Bust/backend/app/../../model/datasets/gfs_cached_demo.grb2.5b7b6.idx' older than GRIB file
Ignoring index file '/Users/skakibahammed/code_playground/Forecast_Bust/backend/app/../../model/datasets/gfs_cached_demo.grb2.5b7b6.idx' older than GRIB file
/Users/skakibahammed/code_playground/Forecast_Bust/.venv/lib/python3.13/site-packages/cfgrib/xarray_store.py:51: FutureWarning: In a future version of xarray the default value for compat will change from compat='no_conflicts' to compat='override'. This is likely to lead to different results when combining overlapping variables with the same name. To opt in to new defaults and get rid of these warnings now use `set_options(use_new_combine_kwarg_defaults=True) or set compat explicitly.
  o = xr.merge([o, ds], **kwargs)
/Users/skakibahammed/code_playground/Forecast_Bust/.venv/lib/python3.13/site-packages/cfgrib/xarray_store.py:51: FutureWarning: In a future version of xarray the default value for compat will change from compat='no_conflicts' to compat='override'. This is likely to lead to different results when combining overlapping variables with the same name. To opt in to new defaults and get rid of these warnings now use `set_options(use_new_combine_kwarg_defaults=True) or set compat explicitly.
  o = xr.merge([o, ds], **kwargs)
Ignoring index file '/Users/skakibahammed/code_playground/Forecast_Bust/backend/app/../../model/datasets/gfs_cached_demo.grb2.5b7b6.idx' older than GRIB file
Ignoring index file '/Users/skakibahammed/code_playground/Forecast_Bust/backend/app/../../model/datasets/gfs_cached_demo.grb2.5b7b6.idx' older than GRIB file
Ignoring index file '/Users/skakibahammed/code_playground/Forecast_Bust/backend/app/../../model/datasets/gfs_cached_demo.grb2.5b7b6.idx' older than GRIB file
Ignoring index file '/Users/skakibahammed/code_playground/Forecast_Bust/backend/app/../../model/datasets/gfs_cached_demo.grb2.5b7b6.idx' older than GRIB file
Ignoring index file '/Users/skakibahammed/code_playground/Forecast_Bust/backend/app/../../model/datasets/gfs_cached_demo.grb2.5b7b6.idx' older than GRIB file
Ignoring index file '/Users/skakibahammed/code_playground/Forecast_Bust/backend/app/../../model/datasets/gfs_cached_demo.grb2.5b7b6.idx' older than GRIB file
Ignoring index file '/Users/skakibahammed/code_playground/Forecast_Bust/backend/app/../../model/datasets/gfs_cached_demo.grb2.5b7b6.idx' older than GRIB file
Ignoring index file '/Users/skakibahammed/code_playground/Forecast_Bust/backend/app/../../model/datasets/gfs_cached_demo.grb2.5b7b6.idx' older than GRIB file
/Users/skakibahammed/code_playground/Forecast_Bust/.venv/lib/python3.13/site-packages/cfgrib/xarray_store.py:51: FutureWarning: In a future version of xarray the default value for compat will change from compat='no_conflicts' to compat='override'. This is likely to lead to different results when combining overlapping variables with the same name. To opt in to new defaults and get rid of these warnings now use `set_options(use_new_combine_kwarg_defaults=True) or set compat explicitly.
  o = xr.merge([o, ds], **kwargs)
/Users/skakibahammed/code_playground/Forecast_Bust/.venv/lib/python3.13/site-packages/cfgrib/xarray_store.py:51: FutureWarning: In a future version of xarray the default value for compat will change from compat='no_conflicts' to compat='override'. This is likely to lead to different results when combining overlapping variables with the same name. To opt in to new defaults and get rid of these warnings now use `set_options(use_new_combine_kwarg_defaults=True) or set compat explicitly.
  o = xr.merge([o, ds], **kwargs)
Ignoring index file '/Users/skakibahammed/code_playground/Forecast_Bust/backend/app/../../model/datasets/gfs_cached_demo.grb2.5b7b6.idx' older than GRIB file
Ignoring index file '/Users/skakibahammed/code_playground/Forecast_Bust/backend/app/../../model/datasets/gfs_cached_demo.grb2.5b7b6.idx' older than GRIB file
Ignoring index file '/Users/skakibahammed/code_playground/Forecast_Bust/backend/app/../../model/datasets/gfs_cached_demo.grb2.5b7b6.idx' older than GRIB file
Ignoring index file '/Users/skakibahammed/code_playground/Forecast_Bust/backend/app/../../model/datasets/gfs_cached_demo.grb2.5b7b6.idx' older than GRIB file
Ignoring index file '/Users/skakibahammed/code_playground/Forecast_Bust/backend/app/../../model/datasets/gfs_cached_demo.grb2.5b7b6.idx' older than GRIB file
Ignoring index file '/Users/skakibahammed/code_playground/Forecast_Bust/backend/app/../../model/datasets/gfs_cached_demo.grb2.5b7b6.idx' older than GRIB file
Ignoring index file '/Users/skakibahammed/code_playground/Forecast_Bust/backend/app/../../model/datasets/gfs_cached_demo.grb2.5b7b6.idx' older than GRIB file
Ignoring index file '/Users/skakibahammed/code_playground/Forecast_Bust/backend/app/../../model/datasets/gfs_cached_demo.grb2.5b7b6.idx' older than GRIB file
/Users/skakibahammed/code_playground/Forecast_Bust/.venv/lib/python3.13/site-packages/cfgrib/xarray_store.py:51: FutureWarning: In a future version of xarray the default value for compat will change from compat='no_conflicts' to compat='override'. This is likely to lead to different results when combining overlapping variables with the same name. To opt in to new defaults and get rid of these warnings now use `set_options(use_new_combine_kwarg_defaults=True) or set compat explicitly.
  o = xr.merge([o, ds], **kwargs)
/Users/skakibahammed/code_playground/Forecast_Bust/.venv/lib/python3.13/site-packages/cfgrib/xarray_store.py:51: FutureWarning: In a future version of xarray the default value for compat will change from compat='no_conflicts' to compat='override'. This is likely to lead to different results when combining overlapping variables with the same name. To opt in to new defaults and get rid of these warnings now use `set_options(use_new_combine_kwarg_defaults=True) or set compat explicitly.
  o = xr.merge([o, ds], **kwargs)
Ignoring index file '/Users/skakibahammed/code_playground/Forecast_Bust/backend/app/../../model/datasets/gfs_cached_demo.grb2.5b7b6.idx' older than GRIB file
Ignoring index file '/Users/skakibahammed/code_playground/Forecast_Bust/backend/app/../../model/datasets/gfs_cached_demo.grb2.5b7b6.idx' older than GRIB file
Ignoring index file '/Users/skakibahammed/code_playground/Forecast_Bust/backend/app/../../model/datasets/gfs_cached_demo.grb2.5b7b6.idx' older than GRIB file
Ignoring index file '/Users/skakibahammed/code_playground/Forecast_Bust/backend/app/../../model/datasets/gfs_cached_demo.grb2.5b7b6.idx' older than GRIB file
Ignoring index file '/Users/skakibahammed/code_playground/Forecast_Bust/backend/app/../../model/datasets/gfs_cached_demo.grb2.5b7b6.idx' older than GRIB file
Ignoring index file '/Users/skakibahammed/code_playground/Forecast_Bust/backend/app/../../model/datasets/gfs_cached_demo.grb2.5b7b6.idx' older than GRIB file
Ignoring index file '/Users/skakibahammed/code_playground/Forecast_Bust/backend/app/../../model/datasets/gfs_cached_demo.grb2.5b7b6.idx' older than GRIB file
Ignoring index file '/Users/skakibahammed/code_playground/Forecast_Bust/backend/app/../../model/datasets/gfs_cached_demo.grb2.5b7b6.idx' older than GRIB file
/Users/skakibahammed/code_playground/Forecast_Bust/.venv/lib/python3.13/site-packages/cfgrib/xarray_store.py:51: FutureWarning: In a future version of xarray the default value for compat will change from compat='no_conflicts' to compat='override'. This is likely to lead to different results when combining overlapping variables with the same name. To opt in to new defaults and get rid of these warnings now use `set_options(use_new_combine_kwarg_defaults=True) or set compat explicitly.
  o = xr.merge([o, ds], **kwargs)
/Users/skakibahammed/code_playground/Forecast_Bust/.venv/lib/python3.13/site-packages/cfgrib/xarray_store.py:51: FutureWarning: In a future version of xarray the default value for compat will change from compat='no_conflicts' to compat='override'. This is likely to lead to different results when combining overlapping variables with the same name. To opt in to new defaults and get rid of these warnings now use `set_options(use_new_combine_kwarg_defaults=True) or set compat explicitly.
  o = xr.merge([o, ds], **kwargs)
Ignoring index file '/Users/skakibahammed/code_playground/Forecast_Bust/backend/app/../../model/datasets/gfs_cached_demo.grb2.5b7b6.idx' older than GRIB file
Ignoring index file '/Users/skakibahammed/code_playground/Forecast_Bust/backend/app/../../model/datasets/gfs_cached_demo.grb2.5b7b6.idx' older than GRIB file
Ignoring index file '/Users/skakibahammed/code_playground/Forecast_Bust/backend/app/../../model/datasets/gfs_cached_demo.grb2.5b7b6.idx' older than GRIB file
Ignoring index file '/Users/skakibahammed/code_playground/Forecast_Bust/backend/app/../../model/datasets/gfs_cached_demo.grb2.5b7b6.idx' older than GRIB file
Ignoring index file '/Users/skakibahammed/code_playground/Forecast_Bust/backend/app/../../model/datasets/gfs_cached_demo.grb2.5b7b6.idx' older than GRIB file
Ignoring index file '/Users/skakibahammed/code_playground/Forecast_Bust/backend/app/../../model/datasets/gfs_cached_demo.grb2.5b7b6.idx' older than GRIB file
Ignoring index file '/Users/skakibahammed/code_playground/Forecast_Bust/backend/app/../../model/datasets/gfs_cached_demo.grb2.5b7b6.idx' older than GRIB file
Ignoring index file '/Users/skakibahammed/code_playground/Forecast_Bust/backend/app/../../model/datasets/gfs_cached_demo.grb2.5b7b6.idx' older than GRIB file
/Users/skakibahammed/code_playground/Forecast_Bust/.venv/lib/python3.13/site-packages/cfgrib/xarray_store.py:51: FutureWarning: In a future version of xarray the default value for compat will change from compat='no_conflicts' to compat='override'. This is likely to lead to different results when combining overlapping variables with the same name. To opt in to new defaults and get rid of these warnings now use `set_options(use_new_combine_kwarg_defaults=True) or set compat explicitly.
  o = xr.merge([o, ds], **kwargs)
/Users/skakibahammed/code_playground/Forecast_Bust/.venv/lib/python3.13/site-packages/cfgrib/xarray_store.py:51: FutureWarning: In a future version of xarray the default value for compat will change from compat='no_conflicts' to compat='override'. This is likely to lead to different results when combining overlapping variables with the same name. To opt in to new defaults and get rid of these warnings now use `set_options(use_new_combine_kwarg_defaults=True) or set compat explicitly.
  o = xr.merge([o, ds], **kwargs)
INFO:     127.0.0.1:50883 - "GET /api/v1/grid/22.5_88.25/timeseries?forecast_date=2026-09-27 HTTP/1.1" 200 OK
Ignoring index file '/Users/skakibahammed/code_playground/Forecast_Bust/backend/app/../../model/datasets/gfs_cached_demo.grb2.5b7b6.idx' older than GRIB file
Ignoring index file '/Users/skakibahammed/code_playground/Forecast_Bust/backend/app/../../model/datasets/gfs_cached_demo.grb2.5b7b6.idx' older than GRIB file
Ignoring index file '/Users/skakibahammed/code_playground/Forecast_Bust/backend/app/../../model/datasets/gfs_cached_demo.grb2.5b7b6.idx' older than GRIB file
Ignoring index file '/Users/skakibahammed/code_playground/Forecast_Bust/backend/app/../../model/datasets/gfs_cached_demo.grb2.5b7b6.idx' older than GRIB file
Ignoring index file '/Users/skakibahammed/code_playground/Forecast_Bust/backend/app/../../model/datasets/gfs_cached_demo.grb2.5b7b6.idx' older than GRIB file
Ignoring index file '/Users/skakibahammed/code_playground/Forecast_Bust/backend/app/../../model/datasets/gfs_cached_demo.grb2.5b7b6.idx' older than GRIB file
Ignoring index file '/Users/skakibahammed/code_playground/Forecast_Bust/backend/app/../../model/datasets/gfs_cached_demo.grb2.5b7b6.idx' older than GRIB file
Ignoring index file '/Users/skakibahammed/code_playground/Forecast_Bust/backend/app/../../model/datasets/gfs_cached_demo.grb2.5b7b6.idx' older than GRIB file
/Users/skakibahammed/code_playground/Forecast_Bust/.venv/lib/python3.13/site-packages/cfgrib/xarray_store.py:51: FutureWarning: In a future version of xarray the default value for compat will change from compat='no_conflicts' to compat='override'. This is likely to lead to different results when combining overlapping variables with the same name. To opt in to new defaults and get rid of these warnings now use `set_options(use_new_combine_kwarg_defaults=True) or set compat explicitly.
  o = xr.merge([o, ds], **kwargs)
/Users/skakibahammed/code_playground/Forecast_Bust/.venv/lib/python3.13/site-packages/cfgrib/xarray_store.py:51: FutureWarning: In a future version of xarray the default value for compat will change from compat='no_conflicts' to compat='override'. This is likely to lead to different results when combining overlapping variables with the same name. To opt in to new defaults and get rid of these warnings now use `set_options(use_new_combine_kwarg_defaults=True) or set compat explicitly.
  o = xr.merge([o, ds], **kwargs)
Ignoring index file '/Users/skakibahammed/code_playground/Forecast_Bust/backend/app/../../model/datasets/gfs_cached_demo.grb2.5b7b6.idx' older than GRIB file
Ignoring index file '/Users/skakibahammed/code_playground/Forecast_Bust/backend/app/../../model/datasets/gfs_cached_demo.grb2.5b7b6.idx' older than GRIB file
Ignoring index file '/Users/skakibahammed/code_playground/Forecast_Bust/backend/app/../../model/datasets/gfs_cached_demo.grb2.5b7b6.idx' older than GRIB file
Ignoring index file '/Users/skakibahammed/code_playground/Forecast_Bust/backend/app/../../model/datasets/gfs_cached_demo.grb2.5b7b6.idx' older than GRIB file
Ignoring index file '/Users/skakibahammed/code_playground/Forecast_Bust/backend/app/../../model/datasets/gfs_cached_demo.grb2.5b7b6.idx' older than GRIB file
Ignoring index file '/Users/skakibahammed/code_playground/Forecast_Bust/backend/app/../../model/datasets/gfs_cached_demo.grb2.5b7b6.idx' older than GRIB file
Ignoring index file '/Users/skakibahammed/code_playground/Forecast_Bust/backend/app/../../model/datasets/gfs_cached_demo.grb2.5b7b6.idx' older than GRIB file
Ignoring index file '/Users/skakibahammed/code_playground/Forecast_Bust/backend/app/../../model/datasets/gfs_cached_demo.grb2.5b7b6.idx' older than GRIB file
/Users/skakibahammed/code_playground/Forecast_Bust/.venv/lib/python3.13/site-packages/cfgrib/xarray_store.py:51: FutureWarning: In a future version of xarray the default value for compat will change from compat='no_conflicts' to compat='override'. This is likely to lead to different results when combining overlapping variables with the same name. To opt in to new defaults and get rid of these warnings now use `set_options(use_new_combine_kwarg_defaults=True) or set compat explicitly.
  o = xr.merge([o, ds], **kwargs)
/Users/skakibahammed/code_playground/Forecast_Bust/.venv/lib/python3.13/site-packages/cfgrib/xarray_store.py:51: FutureWarning: In a future version of xarray the default value for compat will change from compat='no_conflicts' to compat='override'. This is likely to lead to different results when combining overlapping variables with the same name. To opt in to new defaults and get rid of these warnings now use `set_options(use_new_combine_kwarg_defaults=True) or set compat explicitly.
  o = xr.merge([o, ds], **kwargs)
Ignoring index file '/Users/skakibahammed/code_playground/Forecast_Bust/backend/app/../../model/datasets/gfs_cached_demo.grb2.5b7b6.idx' older than GRIB file
Ignoring index file '/Users/skakibahammed/code_playground/Forecast_Bust/backend/app/../../model/datasets/gfs_cached_demo.grb2.5b7b6.idx' older than GRIB file
Ignoring index file '/Users/skakibahammed/code_playground/Forecast_Bust/backend/app/../../model/datasets/gfs_cached_demo.grb2.5b7b6.idx' older than GRIB file
Ignoring index file '/Users/skakibahammed/code_playground/Forecast_Bust/backend/app/../../model/datasets/gfs_cached_demo.grb2.5b7b6.idx' older than GRIB file
Ignoring index file '/Users/skakibahammed/code_playground/Forecast_Bust/backend/app/../../model/datasets/gfs_cached_demo.grb2.5b7b6.idx' older than GRIB file
Ignoring index file '/Users/skakibahammed/code_playground/Forecast_Bust/backend/app/../../model/datasets/gfs_cached_demo.grb2.5b7b6.idx' older than GRIB file
Ignoring index file '/Users/skakibahammed/code_playground/Forecast_Bust/backend/app/../../model/datasets/gfs_cached_demo.grb2.5b7b6.idx' older than GRIB file
Ignoring index file '/Users/skakibahammed/code_playground/Forecast_Bust/backend/app/../../model/datasets/gfs_cached_demo.grb2.5b7b6.idx' older than GRIB file
/Users/skakibahammed/code_playground/Forecast_Bust/.venv/lib/python3.13/site-packages/cfgrib/xarray_store.py:51: FutureWarning: In a future version of xarray the default value for compat will change from compat='no_conflicts' to compat='override'. This is likely to lead to different results when combining overlapping variables with the same name. To opt in to new defaults and get rid of these warnings now use `set_options(use_new_combine_kwarg_defaults=True) or set compat explicitly.
  o = xr.merge([o, ds], **kwargs)
/Users/skakibahammed/code_playground/Forecast_Bust/.venv/lib/python3.13/site-packages/cfgrib/xarray_store.py:51: FutureWarning: In a future version of xarray the default value for compat will change from compat='no_conflicts' to compat='override'. This is likely to lead to different results when combining overlapping variables with the same name. To opt in to new defaults and get rid of these warnings now use `set_options(use_new_combine_kwarg_defaults=True) or set compat explicitly.
  o = xr.merge([o, ds], **kwargs)
Ignoring index file '/Users/skakibahammed/code_playground/Forecast_Bust/backend/app/../../model/datasets/gfs_cached_demo.grb2.5b7b6.idx' older than GRIB file
Ignoring index file '/Users/skakibahammed/code_playground/Forecast_Bust/backend/app/../../model/datasets/gfs_cached_demo.grb2.5b7b6.idx' older than GRIB file
Ignoring index file '/Users/skakibahammed/code_playground/Forecast_Bust/backend/app/../../model/datasets/gfs_cached_demo.grb2.5b7b6.idx' older than GRIB file
Ignoring index file '/Users/skakibahammed/code_playground/Forecast_Bust/backend/app/../../model/datasets/gfs_cached_demo.grb2.5b7b6.idx' older than GRIB file
Ignoring index file '/Users/skakibahammed/code_playground/Forecast_Bust/backend/app/../../model/datasets/gfs_cached_demo.grb2.5b7b6.idx' older than GRIB file
Ignoring index file '/Users/skakibahammed/code_playground/Forecast_Bust/backend/app/../../model/datasets/gfs_cached_demo.grb2.5b7b6.idx' older than GRIB file
Ignoring index file '/Users/skakibahammed/code_playground/Forecast_Bust/backend/app/../../model/datasets/gfs_cached_demo.grb2.5b7b6.idx' older than GRIB file
Ignoring index file '/Users/skakibahammed/code_playground/Forecast_Bust/backend/app/../../model/datasets/gfs_cached_demo.grb2.5b7b6.idx' older than GRIB file
/Users/skakibahammed/code_playground/Forecast_Bust/.venv/lib/python3.13/site-packages/cfgrib/xarray_store.py:51: FutureWarning: In a future version of xarray the default value for compat will change from compat='no_conflicts' to compat='override'. This is likely to lead to different results when combining overlapping variables with the same name. To opt in to new defaults and get rid of these warnings now use `set_options(use_new_combine_kwarg_defaults=True) or set compat explicitly.
  o = xr.merge([o, ds], **kwargs)
/Users/skakibahammed/code_playground/Forecast_Bust/.venv/lib/python3.13/site-packages/cfgrib/xarray_store.py:51: FutureWarning: In a future version of xarray the default value for compat will change from compat='no_conflicts' to compat='override'. This is likely to lead to different results when combining overlapping variables with the same name. To opt in to new defaults and get rid of these warnings now use `set_options(use_new_combine_kwarg_defaults=True) or set compat explicitly.
  o = xr.merge([o, ds], **kwargs)
Ignoring index file '/Users/skakibahammed/code_playground/Forecast_Bust/backend/app/../../model/datasets/gfs_cached_demo.grb2.5b7b6.idx' older than GRIB file
Ignoring index file '/Users/skakibahammed/code_playground/Forecast_Bust/backend/app/../../model/datasets/gfs_cached_demo.grb2.5b7b6.idx' older than GRIB file
Ignoring index file '/Users/skakibahammed/code_playground/Forecast_Bust/backend/app/../../model/datasets/gfs_cached_demo.grb2.5b7b6.idx' older than GRIB file
Ignoring index file '/Users/skakibahammed/code_playground/Forecast_Bust/backend/app/../../model/datasets/gfs_cached_demo.grb2.5b7b6.idx' older than GRIB file
Ignoring index file '/Users/skakibahammed/code_playground/Forecast_Bust/backend/app/../../model/datasets/gfs_cached_demo.grb2.5b7b6.idx' older than GRIB file
Ignoring index file '/Users/skakibahammed/code_playground/Forecast_Bust/backend/app/../../model/datasets/gfs_cached_demo.grb2.5b7b6.idx' older than GRIB file
Ignoring index file '/Users/skakibahammed/code_playground/Forecast_Bust/backend/app/../../model/datasets/gfs_cached_demo.grb2.5b7b6.idx' older than GRIB file
Ignoring index file '/Users/skakibahammed/code_playground/Forecast_Bust/backend/app/../../model/datasets/gfs_cached_demo.grb2.5b7b6.idx' older than GRIB file
/Users/skakibahammed/code_playground/Forecast_Bust/.venv/lib/python3.13/site-packages/cfgrib/xarray_store.py:51: FutureWarning: In a future version of xarray the default value for compat will change from compat='no_conflicts' to compat='override'. This is likely to lead to different results when combining overlapping variables with the same name. To opt in to new defaults and get rid of these warnings now use `set_options(use_new_combine_kwarg_defaults=True) or set compat explicitly.
  o = xr.merge([o, ds], **kwargs)
/Users/skakibahammed/code_playground/Forecast_Bust/.venv/lib/python3.13/site-packages/cfgrib/xarray_store.py:51: FutureWarning: In a future version of xarray the default value for compat will change from compat='no_conflicts' to compat='override'. This is likely to lead to different results when combining overlapping variables with the same name. To opt in to new defaults and get rid of these warnings now use `set_options(use_new_combine_kwarg_defaults=True) or set compat explicitly.
  o = xr.merge([o, ds], **kwargs)
Ignoring index file '/Users/skakibahammed/code_playground/Forecast_Bust/backend/app/../../model/datasets/gfs_cached_demo.grb2.5b7b6.idx' older than GRIB file
Ignoring index file '/Users/skakibahammed/code_playground/Forecast_Bust/backend/app/../../model/datasets/gfs_cached_demo.grb2.5b7b6.idx' older than GRIB file
Ignoring index file '/Users/skakibahammed/code_playground/Forecast_Bust/backend/app/../../model/datasets/gfs_cached_demo.grb2.5b7b6.idx' older than GRIB file
Ignoring index file '/Users/skakibahammed/code_playground/Forecast_Bust/backend/app/../../model/datasets/gfs_cached_demo.grb2.5b7b6.idx' older than GRIB file
Ignoring index file '/Users/skakibahammed/code_playground/Forecast_Bust/backend/app/../../model/datasets/gfs_cached_demo.grb2.5b7b6.idx' older than GRIB file
Ignoring index file '/Users/skakibahammed/code_playground/Forecast_Bust/backend/app/../../model/datasets/gfs_cached_demo.grb2.5b7b6.idx' older than GRIB file
Ignoring index file '/Users/skakibahammed/code_playground/Forecast_Bust/backend/app/../../model/datasets/gfs_cached_demo.grb2.5b7b6.idx' older than GRIB file
Ignoring index file '/Users/skakibahammed/code_playground/Forecast_Bust/backend/app/../../model/datasets/gfs_cached_demo.grb2.5b7b6.idx' older than GRIB file
/Users/skakibahammed/code_playground/Forecast_Bust/.venv/lib/python3.13/site-packages/cfgrib/xarray_store.py:51: FutureWarning: In a future version of xarray the default value for compat will change from compat='no_conflicts' to compat='override'. This is likely to lead to different results when combining overlapping variables with the same name. To opt in to new defaults and get rid of these warnings now use `set_options(use_new_combine_kwarg_defaults=True) or set compat explicitly.
  o = xr.merge([o, ds], **kwargs)
/Users/skakibahammed/code_playground/Forecast_Bust/.venv/lib/python3.13/site-packages/cfgrib/xarray_store.py:51: FutureWarning: In a future version of xarray the default value for compat will change from compat='no_conflicts' to compat='override'. This is likely to lead to different results when combining overlapping variables with the same name. To opt in to new defaults and get rid of these warnings now use `set_options(use_new_combine_kwarg_defaults=True) or set compat explicitly.
  o = xr.merge([o, ds], **kwargs)
Ignoring index file '/Users/skakibahammed/code_playground/Forecast_Bust/backend/app/../../model/datasets/gfs_cached_demo.grb2.5b7b6.idx' older than GRIB file
Ignoring index file '/Users/skakibahammed/code_playground/Forecast_Bust/backend/app/../../model/datasets/gfs_cached_demo.grb2.5b7b6.idx' older than GRIB file
Ignoring index file '/Users/skakibahammed/code_playground/Forecast_Bust/backend/app/../../model/datasets/gfs_cached_demo.grb2.5b7b6.idx' older than GRIB file
Ignoring index file '/Users/skakibahammed/code_playground/Forecast_Bust/backend/app/../../model/datasets/gfs_cached_demo.grb2.5b7b6.idx' older than GRIB file
Ignoring index file '/Users/skakibahammed/code_playground/Forecast_Bust/backend/app/../../model/datasets/gfs_cached_demo.grb2.5b7b6.idx' older than GRIB file
Ignoring index file '/Users/skakibahammed/code_playground/Forecast_Bust/backend/app/../../model/datasets/gfs_cached_demo.grb2.5b7b6.idx' older than GRIB file
Ignoring index file '/Users/skakibahammed/code_playground/Forecast_Bust/backend/app/../../model/datasets/gfs_cached_demo.grb2.5b7b6.idx' older than GRIB file
Ignoring index file '/Users/skakibahammed/code_playground/Forecast_Bust/backend/app/../../model/datasets/gfs_cached_demo.grb2.5b7b6.idx' older than GRIB file
/Users/skakibahammed/code_playground/Forecast_Bust/.venv/lib/python3.13/site-packages/cfgrib/xarray_store.py:51: FutureWarning: In a future version of xarray the default value for compat will change from compat='no_conflicts' to compat='override'. This is likely to lead to different results when combining overlapping variables with the same name. To opt in to new defaults and get rid of these warnings now use `set_options(use_new_combine_kwarg_defaults=True) or set compat explicitly.
  o = xr.merge([o, ds], **kwargs)
/Users/skakibahammed/code_playground/Forecast_Bust/.venv/lib/python3.13/site-packages/cfgrib/xarray_store.py:51: FutureWarning: In a future version of xarray the default value for compat will change from compat='no_conflicts' to compat='override'. This is likely to lead to different results when combining overlapping variables with the same name. To opt in to new defaults and get rid of these warnings now use `set_options(use_new_combine_kwarg_defaults=True) or set compat explicitly.
  o = xr.merge([o, ds], **kwargs)
Ignoring index file '/Users/skakibahammed/code_playground/Forecast_Bust/backend/app/../../model/datasets/gfs_cached_demo.grb2.5b7b6.idx' older than GRIB file
Ignoring index file '/Users/skakibahammed/code_playground/Forecast_Bust/backend/app/../../model/datasets/gfs_cached_demo.grb2.5b7b6.idx' older than GRIB file
Ignoring index file '/Users/skakibahammed/code_playground/Forecast_Bust/backend/app/../../model/datasets/gfs_cached_demo.grb2.5b7b6.idx' older than GRIB file
Ignoring index file '/Users/skakibahammed/code_playground/Forecast_Bust/backend/app/../../model/datasets/gfs_cached_demo.grb2.5b7b6.idx' older than GRIB file
Ignoring index file '/Users/skakibahammed/code_playground/Forecast_Bust/backend/app/../../model/datasets/gfs_cached_demo.grb2.5b7b6.idx' older than GRIB file
Ignoring index file '/Users/skakibahammed/code_playground/Forecast_Bust/backend/app/../../model/datasets/gfs_cached_demo.grb2.5b7b6.idx' older than GRIB file
Ignoring index file '/Users/skakibahammed/code_playground/Forecast_Bust/backend/app/../../model/datasets/gfs_cached_demo.grb2.5b7b6.idx' older than GRIB file
Ignoring index file '/Users/skakibahammed/code_playground/Forecast_Bust/backend/app/../../model/datasets/gfs_cached_demo.grb2.5b7b6.idx' older than GRIB file
/Users/skakibahammed/code_playground/Forecast_Bust/.venv/lib/python3.13/site-packages/cfgrib/xarray_store.py:51: FutureWarning: In a future version of xarray the default value for compat will change from compat='no_conflicts' to compat='override'. This is likely to lead to different results when combining overlapping variables with the same name. To opt in to new defaults and get rid of these warnings now use `set_options(use_new_combine_kwarg_defaults=True) or set compat explicitly.
  o = xr.merge([o, ds], **kwargs)
/Users/skakibahammed/code_playground/Forecast_Bust/.venv/lib/python3.13/site-packages/cfgrib/xarray_store.py:51: FutureWarning: In a future version of xarray the default value for compat will change from compat='no_conflicts' to compat='override'. This is likely to lead to different results when combining overlapping variables with the same name. To opt in to new defaults and get rid of these warnings now use `set_options(use_new_combine_kwarg_defaults=True) or set compat explicitly.
  o = xr.merge([o, ds], **kwargs)
Ignoring index file '/Users/skakibahammed/code_playground/Forecast_Bust/backend/app/../../model/datasets/gfs_cached_demo.grb2.5b7b6.idx' older than GRIB file
Ignoring index file '/Users/skakibahammed/code_playground/Forecast_Bust/backend/app/../../model/datasets/gfs_cached_demo.grb2.5b7b6.idx' older than GRIB file
Ignoring index file '/Users/skakibahammed/code_playground/Forecast_Bust/backend/app/../../model/datasets/gfs_cached_demo.grb2.5b7b6.idx' older than GRIB file
Ignoring index file '/Users/skakibahammed/code_playground/Forecast_Bust/backend/app/../../model/datasets/gfs_cached_demo.grb2.5b7b6.idx' older than GRIB file
Ignoring index file '/Users/skakibahammed/code_playground/Forecast_Bust/backend/app/../../model/datasets/gfs_cached_demo.grb2.5b7b6.idx' older than GRIB file
Ignoring index file '/Users/skakibahammed/code_playground/Forecast_Bust/backend/app/../../model/datasets/gfs_cached_demo.grb2.5b7b6.idx' older than GRIB file
Ignoring index file '/Users/skakibahammed/code_playground/Forecast_Bust/backend/app/../../model/datasets/gfs_cached_demo.grb2.5b7b6.idx' older than GRIB file
Ignoring index file '/Users/skakibahammed/code_playground/Forecast_Bust/backend/app/../../model/datasets/gfs_cached_demo.grb2.5b7b6.idx' older than GRIB file
/Users/skakibahammed/code_playground/Forecast_Bust/.venv/lib/python3.13/site-packages/cfgrib/xarray_store.py:51: FutureWarning: In a future version of xarray the default value for compat will change from compat='no_conflicts' to compat='override'. This is likely to lead to different results when combining overlapping variables with the same name. To opt in to new defaults and get rid of these warnings now use `set_options(use_new_combine_kwarg_defaults=True) or set compat explicitly.
  o = xr.merge([o, ds], **kwargs)
/Users/skakibahammed/code_playground/Forecast_Bust/.venv/lib/python3.13/site-packages/cfgrib/xarray_store.py:51: FutureWarning: In a future version of xarray the default value for compat will change from compat='no_conflicts' to compat='override'. This is likely to lead to different results when combining overlapping variables with the same name. To opt in to new defaults and get rid of these warnings now use `set_options(use_new_combine_kwarg_defaults=True) or set compat explicitly.
  o = xr.merge([o, ds], **kwargs)
Ignoring index file '/Users/skakibahammed/code_playground/Forecast_Bust/backend/app/../../model/datasets/gfs_cached_demo.grb2.5b7b6.idx' older than GRIB file
Ignoring index file '/Users/skakibahammed/code_playground/Forecast_Bust/backend/app/../../model/datasets/gfs_cached_demo.grb2.5b7b6.idx' older than GRIB file
Ignoring index file '/Users/skakibahammed/code_playground/Forecast_Bust/backend/app/../../model/datasets/gfs_cached_demo.grb2.5b7b6.idx' older than GRIB file
Ignoring index file '/Users/skakibahammed/code_playground/Forecast_Bust/backend/app/../../model/datasets/gfs_cached_demo.grb2.5b7b6.idx' older than GRIB file
Ignoring index file '/Users/skakibahammed/code_playground/Forecast_Bust/backend/app/../../model/datasets/gfs_cached_demo.grb2.5b7b6.idx' older than GRIB file
Ignoring index file '/Users/skakibahammed/code_playground/Forecast_Bust/backend/app/../../model/datasets/gfs_cached_demo.grb2.5b7b6.idx' older than GRIB file
Ignoring index file '/Users/skakibahammed/code_playground/Forecast_Bust/backend/app/../../model/datasets/gfs_cached_demo.grb2.5b7b6.idx' older than GRIB file
Ignoring index file '/Users/skakibahammed/code_playground/Forecast_Bust/backend/app/../../model/datasets/gfs_cached_demo.grb2.5b7b6.idx' older than GRIB file
/Users/skakibahammed/code_playground/Forecast_Bust/.venv/lib/python3.13/site-packages/cfgrib/xarray_store.py:51: FutureWarning: In a future version of xarray the default value for compat will change from compat='no_conflicts' to compat='override'. This is likely to lead to different results when combining overlapping variables with the same name. To opt in to new defaults and get rid of these warnings now use `set_options(use_new_combine_kwarg_defaults=True) or set compat explicitly.
  o = xr.merge([o, ds], **kwargs)
/Users/skakibahammed/code_playground/Forecast_Bust/.venv/lib/python3.13/site-packages/cfgrib/xarray_store.py:51: FutureWarning: In a future version of xarray the default value for compat will change from compat='no_conflicts' to compat='override'. This is likely to lead to different results when combining overlapping variables with the same name. To opt in to new defaults and get rid of these warnings now use `set_options(use_new_combine_kwarg_defaults=True) or set compat explicitly.
  o = xr.merge([o, ds], **kwargs)
INFO:     127.0.0.1:50888 - "GET /api/v1/grid/22.5_88.25/timeseries?forecast_date=2026-09-27 HTTP/1.1" 200 OK
INFO:     127.0.0.1:50890 - "GET /api/v1/regimes/current?forecast_date=2026-09-27 HTTP/1.1" 501 Not Implemented
INFO:     127.0.0.1:50892 - "GET /api/v1/regimes/current?forecast_date=2026-09-27 HTTP/1.1" 501 Not Implemented
INFO:     127.0.0.1:50894 - "GET /api/v1/regimes/current?forecast_date=2026-09-27 HTTP/1.1" 501 Not Implemented
Ignoring index file '/Users/skakibahammed/code_playground/Forecast_Bust/backend/app/../../model/datasets/gfs_cached_demo.grb2.5b7b6.idx' older than GRIB file
Ignoring index file '/Users/skakibahammed/code_playground/Forecast_Bust/backend/app/../../model/datasets/gfs_cached_demo.grb2.5b7b6.idx' older than GRIB file
Ignoring index file '/Users/skakibahammed/code_playground/Forecast_Bust/backend/app/../../model/datasets/gfs_cached_demo.grb2.5b7b6.idx' older than GRIB file
Ignoring index file '/Users/skakibahammed/code_playground/Forecast_Bust/backend/app/../../model/datasets/gfs_cached_demo.grb2.5b7b6.idx' older than GRIB file
Ignoring index file '/Users/skakibahammed/code_playground/Forecast_Bust/backend/app/../../model/datasets/gfs_cached_demo.grb2.5b7b6.idx' older than GRIB file
Ignoring index file '/Users/skakibahammed/code_playground/Forecast_Bust/backend/app/../../model/datasets/gfs_cached_demo.grb2.5b7b6.idx' older than GRIB file
Ignoring index file '/Users/skakibahammed/code_playground/Forecast_Bust/backend/app/../../model/datasets/gfs_cached_demo.grb2.5b7b6.idx' older than GRIB file
Ignoring index file '/Users/skakibahammed/code_playground/Forecast_Bust/backend/app/../../model/datasets/gfs_cached_demo.grb2.5b7b6.idx' older than GRIB file
/Users/skakibahammed/code_playground/Forecast_Bust/.venv/lib/python3.13/site-packages/cfgrib/xarray_store.py:51: FutureWarning: In a future version of xarray the default value for compat will change from compat='no_conflicts' to compat='override'. This is likely to lead to different results when combining overlapping variables with the same name. To opt in to new defaults and get rid of these warnings now use `set_options(use_new_combine_kwarg_defaults=True) or set compat explicitly.
  o = xr.merge([o, ds], **kwargs)
/Users/skakibahammed/code_playground/Forecast_Bust/.venv/lib/python3.13/site-packages/cfgrib/xarray_store.py:51: FutureWarning: In a future version of xarray the default value for compat will change from compat='no_conflicts' to compat='override'. This is likely to lead to different results when combining overlapping variables with the same name. To opt in to new defaults and get rid of these warnings now use `set_options(use_new_combine_kwarg_defaults=True) or set compat explicitly.
  o = xr.merge([o, ds], **kwargs)
Ignoring index file '/Users/skakibahammed/code_playground/Forecast_Bust/backend/app/../../model/datasets/gfs_cached_demo.grb2.5b7b6.idx' older than GRIB file
Ignoring index file '/Users/skakibahammed/code_playground/Forecast_Bust/backend/app/../../model/datasets/gfs_cached_demo.grb2.5b7b6.idx' older than GRIB file
Ignoring index file '/Users/skakibahammed/code_playground/Forecast_Bust/backend/app/../../model/datasets/gfs_cached_demo.grb2.5b7b6.idx' older than GRIB file
Ignoring index file '/Users/skakibahammed/code_playground/Forecast_Bust/backend/app/../../model/datasets/gfs_cached_demo.grb2.5b7b6.idx' older than GRIB file
Ignoring index file '/Users/skakibahammed/code_playground/Forecast_Bust/backend/app/../../model/datasets/gfs_cached_demo.grb2.5b7b6.idx' older than GRIB file
Ignoring index file '/Users/skakibahammed/code_playground/Forecast_Bust/backend/app/../../model/datasets/gfs_cached_demo.grb2.5b7b6.idx' older than GRIB file
Ignoring index file '/Users/skakibahammed/code_playground/Forecast_Bust/backend/app/../../model/datasets/gfs_cached_demo.grb2.5b7b6.idx' older than GRIB file
Ignoring index file '/Users/skakibahammed/code_playground/Forecast_Bust/backend/app/../../model/datasets/gfs_cached_demo.grb2.5b7b6.idx' older than GRIB file
/Users/skakibahammed/code_playground/Forecast_Bust/.venv/lib/python3.13/site-packages/cfgrib/xarray_store.py:51: FutureWarning: In a future version of xarray the default value for compat will change from compat='no_conflicts' to compat='override'. This is likely to lead to different results when combining overlapping variables with the same name. To opt in to new defaults and get rid of these warnings now use `set_options(use_new_combine_kwarg_defaults=True) or set compat explicitly.
  o = xr.merge([o, ds], **kwargs)
/Users/skakibahammed/code_playground/Forecast_Bust/.venv/lib/python3.13/site-packages/cfgrib/xarray_store.py:51: FutureWarning: In a future version of xarray the default value for compat will change from compat='no_conflicts' to compat='override'. This is likely to lead to different results when combining overlapping variables with the same name. To opt in to new defaults and get rid of these warnings now use `set_options(use_new_combine_kwarg_defaults=True) or set compat explicitly.
  o = xr.merge([o, ds], **kwargs)
/Users/skakibahammed/code_playground/Forecast_Bust/backend/app/feature_provider.py:102: UserWarning: You are merging on int and float columns where the float values are not equal to their int representation.
  merged = pd.merge(grid_df, live_df, on=['latitude', 'longitude', 'lead_time_hours'], how='left')
INFO:     127.0.0.1:50896 - "GET /api/v1/grid/22.5_88.25/explanation?forecast_date=2026-09-27&lead_day=1 HTTP/1.1" 200 OK
Ignoring index file '/Users/skakibahammed/code_playground/Forecast_Bust/backend/app/../../model/datasets/gfs_cached_demo.grb2.5b7b6.idx' older than GRIB file
Ignoring index file '/Users/skakibahammed/code_playground/Forecast_Bust/backend/app/../../model/datasets/gfs_cached_demo.grb2.5b7b6.idx' older than GRIB file
Ignoring index file '/Users/skakibahammed/code_playground/Forecast_Bust/backend/app/../../model/datasets/gfs_cached_demo.grb2.5b7b6.idx' older than GRIB file
Ignoring index file '/Users/skakibahammed/code_playground/Forecast_Bust/backend/app/../../model/datasets/gfs_cached_demo.grb2.5b7b6.idx' older than GRIB file
Ignoring index file '/Users/skakibahammed/code_playground/Forecast_Bust/backend/app/../../model/datasets/gfs_cached_demo.grb2.5b7b6.idx' older than GRIB file
Ignoring index file '/Users/skakibahammed/code_playground/Forecast_Bust/backend/app/../../model/datasets/gfs_cached_demo.grb2.5b7b6.idx' older than GRIB file
Ignoring index file '/Users/skakibahammed/code_playground/Forecast_Bust/backend/app/../../model/datasets/gfs_cached_demo.grb2.5b7b6.idx' older than GRIB file
Ignoring index file '/Users/skakibahammed/code_playground/Forecast_Bust/backend/app/../../model/datasets/gfs_cached_demo.grb2.5b7b6.idx' older than GRIB file
/Users/skakibahammed/code_playground/Forecast_Bust/.venv/lib/python3.13/site-packages/cfgrib/xarray_store.py:51: FutureWarning: In a future version of xarray the default value for compat will change from compat='no_conflicts' to compat='override'. This is likely to lead to different results when combining overlapping variables with the same name. To opt in to new defaults and get rid of these warnings now use `set_options(use_new_combine_kwarg_defaults=True) or set compat explicitly.
  o = xr.merge([o, ds], **kwargs)
/Users/skakibahammed/code_playground/Forecast_Bust/.venv/lib/python3.13/site-packages/cfgrib/xarray_store.py:51: FutureWarning: In a future version of xarray the default value for compat will change from compat='no_conflicts' to compat='override'. This is likely to lead to different results when combining overlapping variables with the same name. To opt in to new defaults and get rid of these warnings now use `set_options(use_new_combine_kwarg_defaults=True) or set compat explicitly.
  o = xr.merge([o, ds], **kwargs)
Ignoring index file '/Users/skakibahammed/code_playground/Forecast_Bust/backend/app/../../model/datasets/gfs_cached_demo.grb2.5b7b6.idx' older than GRIB file
Ignoring index file '/Users/skakibahammed/code_playground/Forecast_Bust/backend/app/../../model/datasets/gfs_cached_demo.grb2.5b7b6.idx' older than GRIB file
Ignoring index file '/Users/skakibahammed/code_playground/Forecast_Bust/backend/app/../../model/datasets/gfs_cached_demo.grb2.5b7b6.idx' older than GRIB file
Ignoring index file '/Users/skakibahammed/code_playground/Forecast_Bust/backend/app/../../model/datasets/gfs_cached_demo.grb2.5b7b6.idx' older than GRIB file
Ignoring index file '/Users/skakibahammed/code_playground/Forecast_Bust/backend/app/../../model/datasets/gfs_cached_demo.grb2.5b7b6.idx' older than GRIB file
Ignoring index file '/Users/skakibahammed/code_playground/Forecast_Bust/backend/app/../../model/datasets/gfs_cached_demo.grb2.5b7b6.idx' older than GRIB file
Ignoring index file '/Users/skakibahammed/code_playground/Forecast_Bust/backend/app/../../model/datasets/gfs_cached_demo.grb2.5b7b6.idx' older than GRIB file
Ignoring index file '/Users/skakibahammed/code_playground/Forecast_Bust/backend/app/../../model/datasets/gfs_cached_demo.grb2.5b7b6.idx' older than GRIB file
/Users/skakibahammed/code_playground/Forecast_Bust/.venv/lib/python3.13/site-packages/cfgrib/xarray_store.py:51: FutureWarning: In a future version of xarray the default value for compat will change from compat='no_conflicts' to compat='override'. This is likely to lead to different results when combining overlapping variables with the same name. To opt in to new defaults and get rid of these warnings now use `set_options(use_new_combine_kwarg_defaults=True) or set compat explicitly.
  o = xr.merge([o, ds], **kwargs)
/Users/skakibahammed/code_playground/Forecast_Bust/.venv/lib/python3.13/site-packages/cfgrib/xarray_store.py:51: FutureWarning: In a future version of xarray the default value for compat will change from compat='no_conflicts' to compat='override'. This is likely to lead to different results when combining overlapping variables with the same name. To opt in to new defaults and get rid of these warnings now use `set_options(use_new_combine_kwarg_defaults=True) or set compat explicitly.
  o = xr.merge([o, ds], **kwargs)
/Users/skakibahammed/code_playground/Forecast_Bust/backend/app/feature_provider.py:102: UserWarning: You are merging on int and float columns where the float values are not equal to their int representation.
  merged = pd.merge(grid_df, live_df, on=['latitude', 'longitude', 'lead_time_hours'], how='left')
INFO:     127.0.0.1:50898 - "GET /api/v1/grid/22.5_88.25/explanation?forecast_date=2026-09-27&lead_day=1 HTTP/1.1" 200 OK
Ignoring index file '/Users/skakibahammed/code_playground/Forecast_Bust/backend/app/../../model/datasets/gfs_cached_demo.grb2.5b7b6.idx' older than GRIB file
Ignoring index file '/Users/skakibahammed/code_playground/Forecast_Bust/backend/app/../../model/datasets/gfs_cached_demo.grb2.5b7b6.idx' older than GRIB file
Ignoring index file '/Users/skakibahammed/code_playground/Forecast_Bust/backend/app/../../model/datasets/gfs_cached_demo.grb2.5b7b6.idx' older than GRIB file
Ignoring index file '/Users/skakibahammed/code_playground/Forecast_Bust/backend/app/../../model/datasets/gfs_cached_demo.grb2.5b7b6.idx' older than GRIB file
Ignoring index file '/Users/skakibahammed/code_playground/Forecast_Bust/backend/app/../../model/datasets/gfs_cached_demo.grb2.5b7b6.idx' older than GRIB file
Ignoring index file '/Users/skakibahammed/code_playground/Forecast_Bust/backend/app/../../model/datasets/gfs_cached_demo.grb2.5b7b6.idx' older than GRIB file
Ignoring index file '/Users/skakibahammed/code_playground/Forecast_Bust/backend/app/../../model/datasets/gfs_cached_demo.grb2.5b7b6.idx' older than GRIB file
Ignoring index file '/Users/skakibahammed/code_playground/Forecast_Bust/backend/app/../../model/datasets/gfs_cached_demo.grb2.5b7b6.idx' older than GRIB file
/Users/skakibahammed/code_playground/Forecast_Bust/.venv/lib/python3.13/site-packages/cfgrib/xarray_store.py:51: FutureWarning: In a future version of xarray the default value for compat will change from compat='no_conflicts' to compat='override'. This is likely to lead to different results when combining overlapping variables with the same name. To opt in to new defaults and get rid of these warnings now use `set_options(use_new_combine_kwarg_defaults=True) or set compat explicitly.
  o = xr.merge([o, ds], **kwargs)
/Users/skakibahammed/code_playground/Forecast_Bust/.venv/lib/python3.13/site-packages/cfgrib/xarray_store.py:51: FutureWarning: In a future version of xarray the default value for compat will change from compat='no_conflicts' to compat='override'. This is likely to lead to different results when combining overlapping variables with the same name. To opt in to new defaults and get rid of these warnings now use `set_options(use_new_combine_kwarg_defaults=True) or set compat explicitly.
  o = xr.merge([o, ds], **kwargs)
Ignoring index file '/Users/skakibahammed/code_playground/Forecast_Bust/backend/app/../../model/datasets/gfs_cached_demo.grb2.5b7b6.idx' older than GRIB file
Ignoring index file '/Users/skakibahammed/code_playground/Forecast_Bust/backend/app/../../model/datasets/gfs_cached_demo.grb2.5b7b6.idx' older than GRIB file
Ignoring index file '/Users/skakibahammed/code_playground/Forecast_Bust/backend/app/../../model/datasets/gfs_cached_demo.grb2.5b7b6.idx' older than GRIB file
Ignoring index file '/Users/skakibahammed/code_playground/Forecast_Bust/backend/app/../../model/datasets/gfs_cached_demo.grb2.5b7b6.idx' older than GRIB file
Ignoring index file '/Users/skakibahammed/code_playground/Forecast_Bust/backend/app/../../model/datasets/gfs_cached_demo.grb2.5b7b6.idx' older than GRIB file
Ignoring index file '/Users/skakibahammed/code_playground/Forecast_Bust/backend/app/../../model/datasets/gfs_cached_demo.grb2.5b7b6.idx' older than GRIB file
Ignoring index file '/Users/skakibahammed/code_playground/Forecast_Bust/backend/app/../../model/datasets/gfs_cached_demo.grb2.5b7b6.idx' older than GRIB file
Ignoring index file '/Users/skakibahammed/code_playground/Forecast_Bust/backend/app/../../model/datasets/gfs_cached_demo.grb2.5b7b6.idx' older than GRIB file
/Users/skakibahammed/code_playground/Forecast_Bust/.venv/lib/python3.13/site-packages/cfgrib/xarray_store.py:51: FutureWarning: In a future version of xarray the default value for compat will change from compat='no_conflicts' to compat='override'. This is likely to lead to different results when combining overlapping variables with the same name. To opt in to new defaults and get rid of these warnings now use `set_options(use_new_combine_kwarg_defaults=True) or set compat explicitly.
  o = xr.merge([o, ds], **kwargs)
/Users/skakibahammed/code_playground/Forecast_Bust/.venv/lib/python3.13/site-packages/cfgrib/xarray_store.py:51: FutureWarning: In a future version of xarray the default value for compat will change from compat='no_conflicts' to compat='override'. This is likely to lead to different results when combining overlapping variables with the same name. To opt in to new defaults and get rid of these warnings now use `set_options(use_new_combine_kwarg_defaults=True) or set compat explicitly.
  o = xr.merge([o, ds], **kwargs)
/Users/skakibahammed/code_playground/Forecast_Bust/backend/app/feature_provider.py:102: UserWarning: You are merging on int and float columns where the float values are not equal to their int representation.
  merged = pd.merge(grid_df, live_df, on=['latitude', 'longitude', 'lead_time_hours'], how='left')
INFO:     127.0.0.1:50900 - "GET /api/v1/grid/22.5_88.25/explanation?forecast_date=2026-09-27&lead_day=1 HTTP/1.1" 200 OK
INFO:     127.0.0.1:50902 - "GET /api/v1/health HTTP/1.1" 200 OK
Ignoring index file '/Users/skakibahammed/code_playground/Forecast_Bust/backend/app/../../model/datasets/gfs_cached_demo.grb2.5b7b6.idx' older than GRIB file
Ignoring index file '/Users/skakibahammed/code_playground/Forecast_Bust/backend/app/../../model/datasets/gfs_cached_demo.grb2.5b7b6.idx' older than GRIB file
Ignoring index file '/Users/skakibahammed/code_playground/Forecast_Bust/backend/app/../../model/datasets/gfs_cached_demo.grb2.5b7b6.idx' older than GRIB file
Ignoring index file '/Users/skakibahammed/code_playground/Forecast_Bust/backend/app/../../model/datasets/gfs_cached_demo.grb2.5b7b6.idx' older than GRIB file
Ignoring index file '/Users/skakibahammed/code_playground/Forecast_Bust/backend/app/../../model/datasets/gfs_cached_demo.grb2.5b7b6.idx' older than GRIB file
Ignoring index file '/Users/skakibahammed/code_playground/Forecast_Bust/backend/app/../../model/datasets/gfs_cached_demo.grb2.5b7b6.idx' older than GRIB file
Ignoring index file '/Users/skakibahammed/code_playground/Forecast_Bust/backend/app/../../model/datasets/gfs_cached_demo.grb2.5b7b6.idx' older than GRIB file
Ignoring index file '/Users/skakibahammed/code_playground/Forecast_Bust/backend/app/../../model/datasets/gfs_cached_demo.grb2.5b7b6.idx' older than GRIB file
/Users/skakibahammed/code_playground/Forecast_Bust/.venv/lib/python3.13/site-packages/cfgrib/xarray_store.py:51: FutureWarning: In a future version of xarray the default value for compat will change from compat='no_conflicts' to compat='override'. This is likely to lead to different results when combining overlapping variables with the same name. To opt in to new defaults and get rid of these warnings now use `set_options(use_new_combine_kwarg_defaults=True) or set compat explicitly.
  o = xr.merge([o, ds], **kwargs)
/Users/skakibahammed/code_playground/Forecast_Bust/.venv/lib/python3.13/site-packages/cfgrib/xarray_store.py:51: FutureWarning: In a future version of xarray the default value for compat will change from compat='no_conflicts' to compat='override'. This is likely to lead to different results when combining overlapping variables with the same name. To opt in to new defaults and get rid of these warnings now use `set_options(use_new_combine_kwarg_defaults=True) or set compat explicitly.
  o = xr.merge([o, ds], **kwargs)
/Users/skakibahammed/code_playground/Forecast_Bust/backend/app/feature_provider.py:102: UserWarning: You are merging on int and float columns where the float values are not equal to their int representation.
  merged = pd.merge(grid_df, live_df, on=['latitude', 'longitude', 'lead_time_hours'], how='left')
INFO:     127.0.0.1:50904 - "GET /api/v1/confidence-map?forecast_date=2026-09-27&lead_day=1 HTTP/1.1" 200 OK
Ignoring index file '/Users/skakibahammed/code_playground/Forecast_Bust/backend/app/../../model/datasets/gfs_cached_demo.grb2.5b7b6.idx' older than GRIB file
Ignoring index file '/Users/skakibahammed/code_playground/Forecast_Bust/backend/app/../../model/datasets/gfs_cached_demo.grb2.5b7b6.idx' older than GRIB file
Ignoring index file '/Users/skakibahammed/code_playground/Forecast_Bust/backend/app/../../model/datasets/gfs_cached_demo.grb2.5b7b6.idx' older than GRIB file
Ignoring index file '/Users/skakibahammed/code_playground/Forecast_Bust/backend/app/../../model/datasets/gfs_cached_demo.grb2.5b7b6.idx' older than GRIB file
Ignoring index file '/Users/skakibahammed/code_playground/Forecast_Bust/backend/app/../../model/datasets/gfs_cached_demo.grb2.5b7b6.idx' older than GRIB file
Ignoring index file '/Users/skakibahammed/code_playground/Forecast_Bust/backend/app/../../model/datasets/gfs_cached_demo.grb2.5b7b6.idx' older than GRIB file
Ignoring index file '/Users/skakibahammed/code_playground/Forecast_Bust/backend/app/../../model/datasets/gfs_cached_demo.grb2.5b7b6.idx' older than GRIB file
Ignoring index file '/Users/skakibahammed/code_playground/Forecast_Bust/backend/app/../../model/datasets/gfs_cached_demo.grb2.5b7b6.idx' older than GRIB file
/Users/skakibahammed/code_playground/Forecast_Bust/.venv/lib/python3.13/site-packages/cfgrib/xarray_store.py:51: FutureWarning: In a future version of xarray the default value for compat will change from compat='no_conflicts' to compat='override'. This is likely to lead to different results when combining overlapping variables with the same name. To opt in to new defaults and get rid of these warnings now use `set_options(use_new_combine_kwarg_defaults=True) or set compat explicitly.
  o = xr.merge([o, ds], **kwargs)
/Users/skakibahammed/code_playground/Forecast_Bust/.venv/lib/python3.13/site-packages/cfgrib/xarray_store.py:51: FutureWarning: In a future version of xarray the default value for compat will change from compat='no_conflicts' to compat='override'. This is likely to lead to different results when combining overlapping variables with the same name. To opt in to new defaults and get rid of these warnings now use `set_options(use_new_combine_kwarg_defaults=True) or set compat explicitly.
  o = xr.merge([o, ds], **kwargs)
Ignoring index file '/Users/skakibahammed/code_playground/Forecast_Bust/backend/app/../../model/datasets/gfs_cached_demo.grb2.5b7b6.idx' older than GRIB file
Ignoring index file '/Users/skakibahammed/code_playground/Forecast_Bust/backend/app/../../model/datasets/gfs_cached_demo.grb2.5b7b6.idx' older than GRIB file
Ignoring index file '/Users/skakibahammed/code_playground/Forecast_Bust/backend/app/../../model/datasets/gfs_cached_demo.grb2.5b7b6.idx' older than GRIB file
Ignoring index file '/Users/skakibahammed/code_playground/Forecast_Bust/backend/app/../../model/datasets/gfs_cached_demo.grb2.5b7b6.idx' older than GRIB file
Ignoring index file '/Users/skakibahammed/code_playground/Forecast_Bust/backend/app/../../model/datasets/gfs_cached_demo.grb2.5b7b6.idx' older than GRIB file
Ignoring index file '/Users/skakibahammed/code_playground/Forecast_Bust/backend/app/../../model/datasets/gfs_cached_demo.grb2.5b7b6.idx' older than GRIB file
Ignoring index file '/Users/skakibahammed/code_playground/Forecast_Bust/backend/app/../../model/datasets/gfs_cached_demo.grb2.5b7b6.idx' older than GRIB file
Ignoring index file '/Users/skakibahammed/code_playground/Forecast_Bust/backend/app/../../model/datasets/gfs_cached_demo.grb2.5b7b6.idx' older than GRIB file
/Users/skakibahammed/code_playground/Forecast_Bust/.venv/lib/python3.13/site-packages/cfgrib/xarray_store.py:51: FutureWarning: In a future version of xarray the default value for compat will change from compat='no_conflicts' to compat='override'. This is likely to lead to different results when combining overlapping variables with the same name. To opt in to new defaults and get rid of these warnings now use `set_options(use_new_combine_kwarg_defaults=True) or set compat explicitly.
  o = xr.merge([o, ds], **kwargs)
/Users/skakibahammed/code_playground/Forecast_Bust/.venv/lib/python3.13/site-packages/cfgrib/xarray_store.py:51: FutureWarning: In a future version of xarray the default value for compat will change from compat='no_conflicts' to compat='override'. This is likely to lead to different results when combining overlapping variables with the same name. To opt in to new defaults and get rid of these warnings now use `set_options(use_new_combine_kwarg_defaults=True) or set compat explicitly.
  o = xr.merge([o, ds], **kwargs)
Ignoring index file '/Users/skakibahammed/code_playground/Forecast_Bust/backend/app/../../model/datasets/gfs_cached_demo.grb2.5b7b6.idx' older than GRIB file
Ignoring index file '/Users/skakibahammed/code_playground/Forecast_Bust/backend/app/../../model/datasets/gfs_cached_demo.grb2.5b7b6.idx' older than GRIB file
Ignoring index file '/Users/skakibahammed/code_playground/Forecast_Bust/backend/app/../../model/datasets/gfs_cached_demo.grb2.5b7b6.idx' older than GRIB file
Ignoring index file '/Users/skakibahammed/code_playground/Forecast_Bust/backend/app/../../model/datasets/gfs_cached_demo.grb2.5b7b6.idx' older than GRIB file
Ignoring index file '/Users/skakibahammed/code_playground/Forecast_Bust/backend/app/../../model/datasets/gfs_cached_demo.grb2.5b7b6.idx' older than GRIB file
Ignoring index file '/Users/skakibahammed/code_playground/Forecast_Bust/backend/app/../../model/datasets/gfs_cached_demo.grb2.5b7b6.idx' older than GRIB file
Ignoring index file '/Users/skakibahammed/code_playground/Forecast_Bust/backend/app/../../model/datasets/gfs_cached_demo.grb2.5b7b6.idx' older than GRIB file
Ignoring index file '/Users/skakibahammed/code_playground/Forecast_Bust/backend/app/../../model/datasets/gfs_cached_demo.grb2.5b7b6.idx' older than GRIB file
/Users/skakibahammed/code_playground/Forecast_Bust/.venv/lib/python3.13/site-packages/cfgrib/xarray_store.py:51: FutureWarning: In a future version of xarray the default value for compat will change from compat='no_conflicts' to compat='override'. This is likely to lead to different results when combining overlapping variables with the same name. To opt in to new defaults and get rid of these warnings now use `set_options(use_new_combine_kwarg_defaults=True) or set compat explicitly.
  o = xr.merge([o, ds], **kwargs)
/Users/skakibahammed/code_playground/Forecast_Bust/.venv/lib/python3.13/site-packages/cfgrib/xarray_store.py:51: FutureWarning: In a future version of xarray the default value for compat will change from compat='no_conflicts' to compat='override'. This is likely to lead to different results when combining overlapping variables with the same name. To opt in to new defaults and get rid of these warnings now use `set_options(use_new_combine_kwarg_defaults=True) or set compat explicitly.
  o = xr.merge([o, ds], **kwargs)
Ignoring index file '/Users/skakibahammed/code_playground/Forecast_Bust/backend/app/../../model/datasets/gfs_cached_demo.grb2.5b7b6.idx' older than GRIB file
Ignoring index file '/Users/skakibahammed/code_playground/Forecast_Bust/backend/app/../../model/datasets/gfs_cached_demo.grb2.5b7b6.idx' older than GRIB file
Ignoring index file '/Users/skakibahammed/code_playground/Forecast_Bust/backend/app/../../model/datasets/gfs_cached_demo.grb2.5b7b6.idx' older than GRIB file
Ignoring index file '/Users/skakibahammed/code_playground/Forecast_Bust/backend/app/../../model/datasets/gfs_cached_demo.grb2.5b7b6.idx' older than GRIB file
Ignoring index file '/Users/skakibahammed/code_playground/Forecast_Bust/backend/app/../../model/datasets/gfs_cached_demo.grb2.5b7b6.idx' older than GRIB file
Ignoring index file '/Users/skakibahammed/code_playground/Forecast_Bust/backend/app/../../model/datasets/gfs_cached_demo.grb2.5b7b6.idx' older than GRIB file
Ignoring index file '/Users/skakibahammed/code_playground/Forecast_Bust/backend/app/../../model/datasets/gfs_cached_demo.grb2.5b7b6.idx' older than GRIB file
Ignoring index file '/Users/skakibahammed/code_playground/Forecast_Bust/backend/app/../../model/datasets/gfs_cached_demo.grb2.5b7b6.idx' older than GRIB file
/Users/skakibahammed/code_playground/Forecast_Bust/.venv/lib/python3.13/site-packages/cfgrib/xarray_store.py:51: FutureWarning: In a future version of xarray the default value for compat will change from compat='no_conflicts' to compat='override'. This is likely to lead to different results when combining overlapping variables with the same name. To opt in to new defaults and get rid of these warnings now use `set_options(use_new_combine_kwarg_defaults=True) or set compat explicitly.
  o = xr.merge([o, ds], **kwargs)
/Users/skakibahammed/code_playground/Forecast_Bust/.venv/lib/python3.13/site-packages/cfgrib/xarray_store.py:51: FutureWarning: In a future version of xarray the default value for compat will change from compat='no_conflicts' to compat='override'. This is likely to lead to different results when combining overlapping variables with the same name. To opt in to new defaults and get rid of these warnings now use `set_options(use_new_combine_kwarg_defaults=True) or set compat explicitly.
  o = xr.merge([o, ds], **kwargs)
Ignoring index file '/Users/skakibahammed/code_playground/Forecast_Bust/backend/app/../../model/datasets/gfs_cached_demo.grb2.5b7b6.idx' older than GRIB file
Ignoring index file '/Users/skakibahammed/code_playground/Forecast_Bust/backend/app/../../model/datasets/gfs_cached_demo.grb2.5b7b6.idx' older than GRIB file
Ignoring index file '/Users/skakibahammed/code_playground/Forecast_Bust/backend/app/../../model/datasets/gfs_cached_demo.grb2.5b7b6.idx' older than GRIB file
Ignoring index file '/Users/skakibahammed/code_playground/Forecast_Bust/backend/app/../../model/datasets/gfs_cached_demo.grb2.5b7b6.idx' older than GRIB file
Ignoring index file '/Users/skakibahammed/code_playground/Forecast_Bust/backend/app/../../model/datasets/gfs_cached_demo.grb2.5b7b6.idx' older than GRIB file
Ignoring index file '/Users/skakibahammed/code_playground/Forecast_Bust/backend/app/../../model/datasets/gfs_cached_demo.grb2.5b7b6.idx' older than GRIB file
Ignoring index file '/Users/skakibahammed/code_playground/Forecast_Bust/backend/app/../../model/datasets/gfs_cached_demo.grb2.5b7b6.idx' older than GRIB file
Ignoring index file '/Users/skakibahammed/code_playground/Forecast_Bust/backend/app/../../model/datasets/gfs_cached_demo.grb2.5b7b6.idx' older than GRIB file
/Users/skakibahammed/code_playground/Forecast_Bust/.venv/lib/python3.13/site-packages/cfgrib/xarray_store.py:51: FutureWarning: In a future version of xarray the default value for compat will change from compat='no_conflicts' to compat='override'. This is likely to lead to different results when combining overlapping variables with the same name. To opt in to new defaults and get rid of these warnings now use `set_options(use_new_combine_kwarg_defaults=True) or set compat explicitly.
  o = xr.merge([o, ds], **kwargs)
/Users/skakibahammed/code_playground/Forecast_Bust/.venv/lib/python3.13/site-packages/cfgrib/xarray_store.py:51: FutureWarning: In a future version of xarray the default value for compat will change from compat='no_conflicts' to compat='override'. This is likely to lead to different results when combining overlapping variables with the same name. To opt in to new defaults and get rid of these warnings now use `set_options(use_new_combine_kwarg_defaults=True) or set compat explicitly.
  o = xr.merge([o, ds], **kwargs)
Ignoring index file '/Users/skakibahammed/code_playground/Forecast_Bust/backend/app/../../model/datasets/gfs_cached_demo.grb2.5b7b6.idx' older than GRIB file
Ignoring index file '/Users/skakibahammed/code_playground/Forecast_Bust/backend/app/../../model/datasets/gfs_cached_demo.grb2.5b7b6.idx' older than GRIB file
Ignoring index file '/Users/skakibahammed/code_playground/Forecast_Bust/backend/app/../../model/datasets/gfs_cached_demo.grb2.5b7b6.idx' older than GRIB file
Ignoring index file '/Users/skakibahammed/code_playground/Forecast_Bust/backend/app/../../model/datasets/gfs_cached_demo.grb2.5b7b6.idx' older than GRIB file
Ignoring index file '/Users/skakibahammed/code_playground/Forecast_Bust/backend/app/../../model/datasets/gfs_cached_demo.grb2.5b7b6.idx' older than GRIB file
Ignoring index file '/Users/skakibahammed/code_playground/Forecast_Bust/backend/app/../../model/datasets/gfs_cached_demo.grb2.5b7b6.idx' older than GRIB file
Ignoring index file '/Users/skakibahammed/code_playground/Forecast_Bust/backend/app/../../model/datasets/gfs_cached_demo.grb2.5b7b6.idx' older than GRIB file
Ignoring index file '/Users/skakibahammed/code_playground/Forecast_Bust/backend/app/../../model/datasets/gfs_cached_demo.grb2.5b7b6.idx' older than GRIB file
/Users/skakibahammed/code_playground/Forecast_Bust/.venv/lib/python3.13/site-packages/cfgrib/xarray_store.py:51: FutureWarning: In a future version of xarray the default value for compat will change from compat='no_conflicts' to compat='override'. This is likely to lead to different results when combining overlapping variables with the same name. To opt in to new defaults and get rid of these warnings now use `set_options(use_new_combine_kwarg_defaults=True) or set compat explicitly.
  o = xr.merge([o, ds], **kwargs)
/Users/skakibahammed/code_playground/Forecast_Bust/.venv/lib/python3.13/site-packages/cfgrib/xarray_store.py:51: FutureWarning: In a future version of xarray the default value for compat will change from compat='no_conflicts' to compat='override'. This is likely to lead to different results when combining overlapping variables with the same name. To opt in to new defaults and get rid of these warnings now use `set_options(use_new_combine_kwarg_defaults=True) or set compat explicitly.
  o = xr.merge([o, ds], **kwargs)
Ignoring index file '/Users/skakibahammed/code_playground/Forecast_Bust/backend/app/../../model/datasets/gfs_cached_demo.grb2.5b7b6.idx' older than GRIB file
Ignoring index file '/Users/skakibahammed/code_playground/Forecast_Bust/backend/app/../../model/datasets/gfs_cached_demo.grb2.5b7b6.idx' older than GRIB file
Ignoring index file '/Users/skakibahammed/code_playground/Forecast_Bust/backend/app/../../model/datasets/gfs_cached_demo.grb2.5b7b6.idx' older than GRIB file
Ignoring index file '/Users/skakibahammed/code_playground/Forecast_Bust/backend/app/../../model/datasets/gfs_cached_demo.grb2.5b7b6.idx' older than GRIB file
Ignoring index file '/Users/skakibahammed/code_playground/Forecast_Bust/backend/app/../../model/datasets/gfs_cached_demo.grb2.5b7b6.idx' older than GRIB file
Ignoring index file '/Users/skakibahammed/code_playground/Forecast_Bust/backend/app/../../model/datasets/gfs_cached_demo.grb2.5b7b6.idx' older than GRIB file
Ignoring index file '/Users/skakibahammed/code_playground/Forecast_Bust/backend/app/../../model/datasets/gfs_cached_demo.grb2.5b7b6.idx' older than GRIB file
Ignoring index file '/Users/skakibahammed/code_playground/Forecast_Bust/backend/app/../../model/datasets/gfs_cached_demo.grb2.5b7b6.idx' older than GRIB file
/Users/skakibahammed/code_playground/Forecast_Bust/.venv/lib/python3.13/site-packages/cfgrib/xarray_store.py:51: FutureWarning: In a future version of xarray the default value for compat will change from compat='no_conflicts' to compat='override'. This is likely to lead to different results when combining overlapping variables with the same name. To opt in to new defaults and get rid of these warnings now use `set_options(use_new_combine_kwarg_defaults=True) or set compat explicitly.
  o = xr.merge([o, ds], **kwargs)
/Users/skakibahammed/code_playground/Forecast_Bust/.venv/lib/python3.13/site-packages/cfgrib/xarray_store.py:51: FutureWarning: In a future version of xarray the default value for compat will change from compat='no_conflicts' to compat='override'. This is likely to lead to different results when combining overlapping variables with the same name. To opt in to new defaults and get rid of these warnings now use `set_options(use_new_combine_kwarg_defaults=True) or set compat explicitly.
  o = xr.merge([o, ds], **kwargs)
Ignoring index file '/Users/skakibahammed/code_playground/Forecast_Bust/backend/app/../../model/datasets/gfs_cached_demo.grb2.5b7b6.idx' older than GRIB file
Ignoring index file '/Users/skakibahammed/code_playground/Forecast_Bust/backend/app/../../model/datasets/gfs_cached_demo.grb2.5b7b6.idx' older than GRIB file
Ignoring index file '/Users/skakibahammed/code_playground/Forecast_Bust/backend/app/../../model/datasets/gfs_cached_demo.grb2.5b7b6.idx' older than GRIB file
Ignoring index file '/Users/skakibahammed/code_playground/Forecast_Bust/backend/app/../../model/datasets/gfs_cached_demo.grb2.5b7b6.idx' older than GRIB file
Ignoring index file '/Users/skakibahammed/code_playground/Forecast_Bust/backend/app/../../model/datasets/gfs_cached_demo.grb2.5b7b6.idx' older than GRIB file
Ignoring index file '/Users/skakibahammed/code_playground/Forecast_Bust/backend/app/../../model/datasets/gfs_cached_demo.grb2.5b7b6.idx' older than GRIB file
Ignoring index file '/Users/skakibahammed/code_playground/Forecast_Bust/backend/app/../../model/datasets/gfs_cached_demo.grb2.5b7b6.idx' older than GRIB file
Ignoring index file '/Users/skakibahammed/code_playground/Forecast_Bust/backend/app/../../model/datasets/gfs_cached_demo.grb2.5b7b6.idx' older than GRIB file
/Users/skakibahammed/code_playground/Forecast_Bust/.venv/lib/python3.13/site-packages/cfgrib/xarray_store.py:51: FutureWarning: In a future version of xarray the default value for compat will change from compat='no_conflicts' to compat='override'. This is likely to lead to different results when combining overlapping variables with the same name. To opt in to new defaults and get rid of these warnings now use `set_options(use_new_combine_kwarg_defaults=True) or set compat explicitly.
  o = xr.merge([o, ds], **kwargs)
/Users/skakibahammed/code_playground/Forecast_Bust/.venv/lib/python3.13/site-packages/cfgrib/xarray_store.py:51: FutureWarning: In a future version of xarray the default value for compat will change from compat='no_conflicts' to compat='override'. This is likely to lead to different results when combining overlapping variables with the same name. To opt in to new defaults and get rid of these warnings now use `set_options(use_new_combine_kwarg_defaults=True) or set compat explicitly.
  o = xr.merge([o, ds], **kwargs)
Ignoring index file '/Users/skakibahammed/code_playground/Forecast_Bust/backend/app/../../model/datasets/gfs_cached_demo.grb2.5b7b6.idx' older than GRIB file
Ignoring index file '/Users/skakibahammed/code_playground/Forecast_Bust/backend/app/../../model/datasets/gfs_cached_demo.grb2.5b7b6.idx' older than GRIB file
Ignoring index file '/Users/skakibahammed/code_playground/Forecast_Bust/backend/app/../../model/datasets/gfs_cached_demo.grb2.5b7b6.idx' older than GRIB file
Ignoring index file '/Users/skakibahammed/code_playground/Forecast_Bust/backend/app/../../model/datasets/gfs_cached_demo.grb2.5b7b6.idx' older than GRIB file
Ignoring index file '/Users/skakibahammed/code_playground/Forecast_Bust/backend/app/../../model/datasets/gfs_cached_demo.grb2.5b7b6.idx' older than GRIB file
Ignoring index file '/Users/skakibahammed/code_playground/Forecast_Bust/backend/app/../../model/datasets/gfs_cached_demo.grb2.5b7b6.idx' older than GRIB file
Ignoring index file '/Users/skakibahammed/code_playground/Forecast_Bust/backend/app/../../model/datasets/gfs_cached_demo.grb2.5b7b6.idx' older than GRIB file
Ignoring index file '/Users/skakibahammed/code_playground/Forecast_Bust/backend/app/../../model/datasets/gfs_cached_demo.grb2.5b7b6.idx' older than GRIB file
/Users/skakibahammed/code_playground/Forecast_Bust/.venv/lib/python3.13/site-packages/cfgrib/xarray_store.py:51: FutureWarning: In a future version of xarray the default value for compat will change from compat='no_conflicts' to compat='override'. This is likely to lead to different results when combining overlapping variables with the same name. To opt in to new defaults and get rid of these warnings now use `set_options(use_new_combine_kwarg_defaults=True) or set compat explicitly.
  o = xr.merge([o, ds], **kwargs)
/Users/skakibahammed/code_playground/Forecast_Bust/.venv/lib/python3.13/site-packages/cfgrib/xarray_store.py:51: FutureWarning: In a future version of xarray the default value for compat will change from compat='no_conflicts' to compat='override'. This is likely to lead to different results when combining overlapping variables with the same name. To opt in to new defaults and get rid of these warnings now use `set_options(use_new_combine_kwarg_defaults=True) or set compat explicitly.
  o = xr.merge([o, ds], **kwargs)
Ignoring index file '/Users/skakibahammed/code_playground/Forecast_Bust/backend/app/../../model/datasets/gfs_cached_demo.grb2.5b7b6.idx' older than GRIB file
Ignoring index file '/Users/skakibahammed/code_playground/Forecast_Bust/backend/app/../../model/datasets/gfs_cached_demo.grb2.5b7b6.idx' older than GRIB file
Ignoring index file '/Users/skakibahammed/code_playground/Forecast_Bust/backend/app/../../model/datasets/gfs_cached_demo.grb2.5b7b6.idx' older than GRIB file
Ignoring index file '/Users/skakibahammed/code_playground/Forecast_Bust/backend/app/../../model/datasets/gfs_cached_demo.grb2.5b7b6.idx' older than GRIB file
Ignoring index file '/Users/skakibahammed/code_playground/Forecast_Bust/backend/app/../../model/datasets/gfs_cached_demo.grb2.5b7b6.idx' older than GRIB file
Ignoring index file '/Users/skakibahammed/code_playground/Forecast_Bust/backend/app/../../model/datasets/gfs_cached_demo.grb2.5b7b6.idx' older than GRIB file
Ignoring index file '/Users/skakibahammed/code_playground/Forecast_Bust/backend/app/../../model/datasets/gfs_cached_demo.grb2.5b7b6.idx' older than GRIB file
Ignoring index file '/Users/skakibahammed/code_playground/Forecast_Bust/backend/app/../../model/datasets/gfs_cached_demo.grb2.5b7b6.idx' older than GRIB file
/Users/skakibahammed/code_playground/Forecast_Bust/.venv/lib/python3.13/site-packages/cfgrib/xarray_store.py:51: FutureWarning: In a future version of xarray the default value for compat will change from compat='no_conflicts' to compat='override'. This is likely to lead to different results when combining overlapping variables with the same name. To opt in to new defaults and get rid of these warnings now use `set_options(use_new_combine_kwarg_defaults=True) or set compat explicitly.
  o = xr.merge([o, ds], **kwargs)
/Users/skakibahammed/code_playground/Forecast_Bust/.venv/lib/python3.13/site-packages/cfgrib/xarray_store.py:51: FutureWarning: In a future version of xarray the default value for compat will change from compat='no_conflicts' to compat='override'. This is likely to lead to different results when combining overlapping variables with the same name. To opt in to new defaults and get rid of these warnings now use `set_options(use_new_combine_kwarg_defaults=True) or set compat explicitly.
  o = xr.merge([o, ds], **kwargs)
INFO:     127.0.0.1:50906 - "GET /api/v1/grid/22.5_88.25/timeseries?forecast_date=2026-09-27 HTTP/1.1" 200 OK
INFO:     127.0.0.1:50910 - "GET /api/v1/regimes/current?forecast_date=2026-09-27 HTTP/1.1" 501 Not Implemented
Ignoring index file '/Users/skakibahammed/code_playground/Forecast_Bust/backend/app/../../model/datasets/gfs_cached_demo.grb2.5b7b6.idx' older than GRIB file
Ignoring index file '/Users/skakibahammed/code_playground/Forecast_Bust/backend/app/../../model/datasets/gfs_cached_demo.grb2.5b7b6.idx' older than GRIB file
Ignoring index file '/Users/skakibahammed/code_playground/Forecast_Bust/backend/app/../../model/datasets/gfs_cached_demo.grb2.5b7b6.idx' older than GRIB file
Ignoring index file '/Users/skakibahammed/code_playground/Forecast_Bust/backend/app/../../model/datasets/gfs_cached_demo.grb2.5b7b6.idx' older than GRIB file
Ignoring index file '/Users/skakibahammed/code_playground/Forecast_Bust/backend/app/../../model/datasets/gfs_cached_demo.grb2.5b7b6.idx' older than GRIB file
Ignoring index file '/Users/skakibahammed/code_playground/Forecast_Bust/backend/app/../../model/datasets/gfs_cached_demo.grb2.5b7b6.idx' older than GRIB file
Ignoring index file '/Users/skakibahammed/code_playground/Forecast_Bust/backend/app/../../model/datasets/gfs_cached_demo.grb2.5b7b6.idx' older than GRIB file
Ignoring index file '/Users/skakibahammed/code_playground/Forecast_Bust/backend/app/../../model/datasets/gfs_cached_demo.grb2.5b7b6.idx' older than GRIB file
/Users/skakibahammed/code_playground/Forecast_Bust/.venv/lib/python3.13/site-packages/cfgrib/xarray_store.py:51: FutureWarning: In a future version of xarray the default value for compat will change from compat='no_conflicts' to compat='override'. This is likely to lead to different results when combining overlapping variables with the same name. To opt in to new defaults and get rid of these warnings now use `set_options(use_new_combine_kwarg_defaults=True) or set compat explicitly.
  o = xr.merge([o, ds], **kwargs)
/Users/skakibahammed/code_playground/Forecast_Bust/.venv/lib/python3.13/site-packages/cfgrib/xarray_store.py:51: FutureWarning: In a future version of xarray the default value for compat will change from compat='no_conflicts' to compat='override'. This is likely to lead to different results when combining overlapping variables with the same name. To opt in to new defaults and get rid of these warnings now use `set_options(use_new_combine_kwarg_defaults=True) or set compat explicitly.
  o = xr.merge([o, ds], **kwargs)
Ignoring index file '/Users/skakibahammed/code_playground/Forecast_Bust/backend/app/../../model/datasets/gfs_cached_demo.grb2.5b7b6.idx' older than GRIB file
Ignoring index file '/Users/skakibahammed/code_playground/Forecast_Bust/backend/app/../../model/datasets/gfs_cached_demo.grb2.5b7b6.idx' older than GRIB file
Ignoring index file '/Users/skakibahammed/code_playground/Forecast_Bust/backend/app/../../model/datasets/gfs_cached_demo.grb2.5b7b6.idx' older than GRIB file
Ignoring index file '/Users/skakibahammed/code_playground/Forecast_Bust/backend/app/../../model/datasets/gfs_cached_demo.grb2.5b7b6.idx' older than GRIB file
Ignoring index file '/Users/skakibahammed/code_playground/Forecast_Bust/backend/app/../../model/datasets/gfs_cached_demo.grb2.5b7b6.idx' older than GRIB file
Ignoring index file '/Users/skakibahammed/code_playground/Forecast_Bust/backend/app/../../model/datasets/gfs_cached_demo.grb2.5b7b6.idx' older than GRIB file
Ignoring index file '/Users/skakibahammed/code_playground/Forecast_Bust/backend/app/../../model/datasets/gfs_cached_demo.grb2.5b7b6.idx' older than GRIB file
Ignoring index file '/Users/skakibahammed/code_playground/Forecast_Bust/backend/app/../../model/datasets/gfs_cached_demo.grb2.5b7b6.idx' older than GRIB file
/Users/skakibahammed/code_playground/Forecast_Bust/.venv/lib/python3.13/site-packages/cfgrib/xarray_store.py:51: FutureWarning: In a future version of xarray the default value for compat will change from compat='no_conflicts' to compat='override'. This is likely to lead to different results when combining overlapping variables with the same name. To opt in to new defaults and get rid of these warnings now use `set_options(use_new_combine_kwarg_defaults=True) or set compat explicitly.
  o = xr.merge([o, ds], **kwargs)
/Users/skakibahammed/code_playground/Forecast_Bust/.venv/lib/python3.13/site-packages/cfgrib/xarray_store.py:51: FutureWarning: In a future version of xarray the default value for compat will change from compat='no_conflicts' to compat='override'. This is likely to lead to different results when combining overlapping variables with the same name. To opt in to new defaults and get rid of these warnings now use `set_options(use_new_combine_kwarg_defaults=True) or set compat explicitly.
  o = xr.merge([o, ds], **kwargs)
/Users/skakibahammed/code_playground/Forecast_Bust/backend/app/feature_provider.py:102: UserWarning: You are merging on int and float columns where the float values are not equal to their int representation.
  merged = pd.merge(grid_df, live_df, on=['latitude', 'longitude', 'lead_time_hours'], how='left')
INFO:     127.0.0.1:50912 - "GET /api/v1/grid/22.5_88.25/explanation?forecast_date=2026-09-27&lead_day=1 HTTP/1.1" 200 OK
INFO:     127.0.0.1:50914 - "GET /api/v1/grid/abc/timeseries?forecast_date=2026-09-27 HTTP/1.1" 422 Unprocessable Content
INFO:     127.0.0.1:50916 - "GET /api/v1/grid/abc/timeseries?forecast_date=2026-09-27 HTTP/1.1" 422 Unprocessable Content
Ignoring index file '/Users/skakibahammed/code_playground/Forecast_Bust/backend/app/../../model/datasets/gfs_cached_demo.grb2.5b7b6.idx' older than GRIB file
Ignoring index file '/Users/skakibahammed/code_playground/Forecast_Bust/backend/app/../../model/datasets/gfs_cached_demo.grb2.5b7b6.idx' older than GRIB file
Ignoring index file '/Users/skakibahammed/code_playground/Forecast_Bust/backend/app/../../model/datasets/gfs_cached_demo.grb2.5b7b6.idx' older than GRIB file
Ignoring index file '/Users/skakibahammed/code_playground/Forecast_Bust/backend/app/../../model/datasets/gfs_cached_demo.grb2.5b7b6.idx' older than GRIB file
Ignoring index file '/Users/skakibahammed/code_playground/Forecast_Bust/backend/app/../../model/datasets/gfs_cached_demo.grb2.5b7b6.idx' older than GRIB file
Ignoring index file '/Users/skakibahammed/code_playground/Forecast_Bust/backend/app/../../model/datasets/gfs_cached_demo.grb2.5b7b6.idx' older than GRIB file
Ignoring index file '/Users/skakibahammed/code_playground/Forecast_Bust/backend/app/../../model/datasets/gfs_cached_demo.grb2.5b7b6.idx' older than GRIB file
Ignoring index file '/Users/skakibahammed/code_playground/Forecast_Bust/backend/app/../../model/datasets/gfs_cached_demo.grb2.5b7b6.idx' older than GRIB file
/Users/skakibahammed/code_playground/Forecast_Bust/.venv/lib/python3.13/site-packages/cfgrib/xarray_store.py:51: FutureWarning: In a future version of xarray the default value for compat will change from compat='no_conflicts' to compat='override'. This is likely to lead to different results when combining overlapping variables with the same name. To opt in to new defaults and get rid of these warnings now use `set_options(use_new_combine_kwarg_defaults=True) or set compat explicitly.
  o = xr.merge([o, ds], **kwargs)
/Users/skakibahammed/code_playground/Forecast_Bust/.venv/lib/python3.13/site-packages/cfgrib/xarray_store.py:51: FutureWarning: In a future version of xarray the default value for compat will change from compat='no_conflicts' to compat='override'. This is likely to lead to different results when combining overlapping variables with the same name. To opt in to new defaults and get rid of these warnings now use `set_options(use_new_combine_kwarg_defaults=True) or set compat explicitly.
  o = xr.merge([o, ds], **kwargs)
Ignoring index file '/Users/skakibahammed/code_playground/Forecast_Bust/backend/app/../../model/datasets/gfs_cached_demo.grb2.5b7b6.idx' older than GRIB file
Ignoring index file '/Users/skakibahammed/code_playground/Forecast_Bust/backend/app/../../model/datasets/gfs_cached_demo.grb2.5b7b6.idx' older than GRIB file
Ignoring index file '/Users/skakibahammed/code_playground/Forecast_Bust/backend/app/../../model/datasets/gfs_cached_demo.grb2.5b7b6.idx' older than GRIB file
Ignoring index file '/Users/skakibahammed/code_playground/Forecast_Bust/backend/app/../../model/datasets/gfs_cached_demo.grb2.5b7b6.idx' older than GRIB file
Ignoring index file '/Users/skakibahammed/code_playground/Forecast_Bust/backend/app/../../model/datasets/gfs_cached_demo.grb2.5b7b6.idx' older than GRIB file
Ignoring index file '/Users/skakibahammed/code_playground/Forecast_Bust/backend/app/../../model/datasets/gfs_cached_demo.grb2.5b7b6.idx' older than GRIB file
Ignoring index file '/Users/skakibahammed/code_playground/Forecast_Bust/backend/app/../../model/datasets/gfs_cached_demo.grb2.5b7b6.idx' older than GRIB file
Ignoring index file '/Users/skakibahammed/code_playground/Forecast_Bust/backend/app/../../model/datasets/gfs_cached_demo.grb2.5b7b6.idx' older than GRIB file
/Users/skakibahammed/code_playground/Forecast_Bust/.venv/lib/python3.13/site-packages/cfgrib/xarray_store.py:51: FutureWarning: In a future version of xarray the default value for compat will change from compat='no_conflicts' to compat='override'. This is likely to lead to different results when combining overlapping variables with the same name. To opt in to new defaults and get rid of these warnings now use `set_options(use_new_combine_kwarg_defaults=True) or set compat explicitly.
  o = xr.merge([o, ds], **kwargs)
/Users/skakibahammed/code_playground/Forecast_Bust/.venv/lib/python3.13/site-packages/cfgrib/xarray_store.py:51: FutureWarning: In a future version of xarray the default value for compat will change from compat='no_conflicts' to compat='override'. This is likely to lead to different results when combining overlapping variables with the same name. To opt in to new defaults and get rid of these warnings now use `set_options(use_new_combine_kwarg_defaults=True) or set compat explicitly.
  o = xr.merge([o, ds], **kwargs)
Ignoring index file '/Users/skakibahammed/code_playground/Forecast_Bust/backend/app/../../model/datasets/gfs_cached_demo.grb2.5b7b6.idx' older than GRIB file
Ignoring index file '/Users/skakibahammed/code_playground/Forecast_Bust/backend/app/../../model/datasets/gfs_cached_demo.grb2.5b7b6.idx' older than GRIB file
Ignoring index file '/Users/skakibahammed/code_playground/Forecast_Bust/backend/app/../../model/datasets/gfs_cached_demo.grb2.5b7b6.idx' older than GRIB file
Ignoring index file '/Users/skakibahammed/code_playground/Forecast_Bust/backend/app/../../model/datasets/gfs_cached_demo.grb2.5b7b6.idx' older than GRIB file
Ignoring index file '/Users/skakibahammed/code_playground/Forecast_Bust/backend/app/../../model/datasets/gfs_cached_demo.grb2.5b7b6.idx' older than GRIB file
Ignoring index file '/Users/skakibahammed/code_playground/Forecast_Bust/backend/app/../../model/datasets/gfs_cached_demo.grb2.5b7b6.idx' older than GRIB file
Ignoring index file '/Users/skakibahammed/code_playground/Forecast_Bust/backend/app/../../model/datasets/gfs_cached_demo.grb2.5b7b6.idx' older than GRIB file
Ignoring index file '/Users/skakibahammed/code_playground/Forecast_Bust/backend/app/../../model/datasets/gfs_cached_demo.grb2.5b7b6.idx' older than GRIB file
/Users/skakibahammed/code_playground/Forecast_Bust/.venv/lib/python3.13/site-packages/cfgrib/xarray_store.py:51: FutureWarning: In a future version of xarray the default value for compat will change from compat='no_conflicts' to compat='override'. This is likely to lead to different results when combining overlapping variables with the same name. To opt in to new defaults and get rid of these warnings now use `set_options(use_new_combine_kwarg_defaults=True) or set compat explicitly.
  o = xr.merge([o, ds], **kwargs)
/Users/skakibahammed/code_playground/Forecast_Bust/.venv/lib/python3.13/site-packages/cfgrib/xarray_store.py:51: FutureWarning: In a future version of xarray the default value for compat will change from compat='no_conflicts' to compat='override'. This is likely to lead to different results when combining overlapping variables with the same name. To opt in to new defaults and get rid of these warnings now use `set_options(use_new_combine_kwarg_defaults=True) or set compat explicitly.
  o = xr.merge([o, ds], **kwargs)
Ignoring index file '/Users/skakibahammed/code_playground/Forecast_Bust/backend/app/../../model/datasets/gfs_cached_demo.grb2.5b7b6.idx' older than GRIB file
Ignoring index file '/Users/skakibahammed/code_playground/Forecast_Bust/backend/app/../../model/datasets/gfs_cached_demo.grb2.5b7b6.idx' older than GRIB file
Ignoring index file '/Users/skakibahammed/code_playground/Forecast_Bust/backend/app/../../model/datasets/gfs_cached_demo.grb2.5b7b6.idx' older than GRIB file
Ignoring index file '/Users/skakibahammed/code_playground/Forecast_Bust/backend/app/../../model/datasets/gfs_cached_demo.grb2.5b7b6.idx' older than GRIB file
Ignoring index file '/Users/skakibahammed/code_playground/Forecast_Bust/backend/app/../../model/datasets/gfs_cached_demo.grb2.5b7b6.idx' older than GRIB file
Ignoring index file '/Users/skakibahammed/code_playground/Forecast_Bust/backend/app/../../model/datasets/gfs_cached_demo.grb2.5b7b6.idx' older than GRIB file
Ignoring index file '/Users/skakibahammed/code_playground/Forecast_Bust/backend/app/../../model/datasets/gfs_cached_demo.grb2.5b7b6.idx' older than GRIB file
Ignoring index file '/Users/skakibahammed/code_playground/Forecast_Bust/backend/app/../../model/datasets/gfs_cached_demo.grb2.5b7b6.idx' older than GRIB file
/Users/skakibahammed/code_playground/Forecast_Bust/.venv/lib/python3.13/site-packages/cfgrib/xarray_store.py:51: FutureWarning: In a future version of xarray the default value for compat will change from compat='no_conflicts' to compat='override'. This is likely to lead to different results when combining overlapping variables with the same name. To opt in to new defaults and get rid of these warnings now use `set_options(use_new_combine_kwarg_defaults=True) or set compat explicitly.
  o = xr.merge([o, ds], **kwargs)
/Users/skakibahammed/code_playground/Forecast_Bust/.venv/lib/python3.13/site-packages/cfgrib/xarray_store.py:51: FutureWarning: In a future version of xarray the default value for compat will change from compat='no_conflicts' to compat='override'. This is likely to lead to different results when combining overlapping variables with the same name. To opt in to new defaults and get rid of these warnings now use `set_options(use_new_combine_kwarg_defaults=True) or set compat explicitly.
  o = xr.merge([o, ds], **kwargs)
Ignoring index file '/Users/skakibahammed/code_playground/Forecast_Bust/backend/app/../../model/datasets/gfs_cached_demo.grb2.5b7b6.idx' older than GRIB file
Ignoring index file '/Users/skakibahammed/code_playground/Forecast_Bust/backend/app/../../model/datasets/gfs_cached_demo.grb2.5b7b6.idx' older than GRIB file
Ignoring index file '/Users/skakibahammed/code_playground/Forecast_Bust/backend/app/../../model/datasets/gfs_cached_demo.grb2.5b7b6.idx' older than GRIB file
Ignoring index file '/Users/skakibahammed/code_playground/Forecast_Bust/backend/app/../../model/datasets/gfs_cached_demo.grb2.5b7b6.idx' older than GRIB file
Ignoring index file '/Users/skakibahammed/code_playground/Forecast_Bust/backend/app/../../model/datasets/gfs_cached_demo.grb2.5b7b6.idx' older than GRIB file
Ignoring index file '/Users/skakibahammed/code_playground/Forecast_Bust/backend/app/../../model/datasets/gfs_cached_demo.grb2.5b7b6.idx' older than GRIB file
Ignoring index file '/Users/skakibahammed/code_playground/Forecast_Bust/backend/app/../../model/datasets/gfs_cached_demo.grb2.5b7b6.idx' older than GRIB file
Ignoring index file '/Users/skakibahammed/code_playground/Forecast_Bust/backend/app/../../model/datasets/gfs_cached_demo.grb2.5b7b6.idx' older than GRIB file
/Users/skakibahammed/code_playground/Forecast_Bust/.venv/lib/python3.13/site-packages/cfgrib/xarray_store.py:51: FutureWarning: In a future version of xarray the default value for compat will change from compat='no_conflicts' to compat='override'. This is likely to lead to different results when combining overlapping variables with the same name. To opt in to new defaults and get rid of these warnings now use `set_options(use_new_combine_kwarg_defaults=True) or set compat explicitly.
  o = xr.merge([o, ds], **kwargs)
/Users/skakibahammed/code_playground/Forecast_Bust/.venv/lib/python3.13/site-packages/cfgrib/xarray_store.py:51: FutureWarning: In a future version of xarray the default value for compat will change from compat='no_conflicts' to compat='override'. This is likely to lead to different results when combining overlapping variables with the same name. To opt in to new defaults and get rid of these warnings now use `set_options(use_new_combine_kwarg_defaults=True) or set compat explicitly.
  o = xr.merge([o, ds], **kwargs)
Ignoring index file '/Users/skakibahammed/code_playground/Forecast_Bust/backend/app/../../model/datasets/gfs_cached_demo.grb2.5b7b6.idx' older than GRIB file
Ignoring index file '/Users/skakibahammed/code_playground/Forecast_Bust/backend/app/../../model/datasets/gfs_cached_demo.grb2.5b7b6.idx' older than GRIB file
Ignoring index file '/Users/skakibahammed/code_playground/Forecast_Bust/backend/app/../../model/datasets/gfs_cached_demo.grb2.5b7b6.idx' older than GRIB file
Ignoring index file '/Users/skakibahammed/code_playground/Forecast_Bust/backend/app/../../model/datasets/gfs_cached_demo.grb2.5b7b6.idx' older than GRIB file
Ignoring index file '/Users/skakibahammed/code_playground/Forecast_Bust/backend/app/../../model/datasets/gfs_cached_demo.grb2.5b7b6.idx' older than GRIB file
Ignoring index file '/Users/skakibahammed/code_playground/Forecast_Bust/backend/app/../../model/datasets/gfs_cached_demo.grb2.5b7b6.idx' older than GRIB file
Ignoring index file '/Users/skakibahammed/code_playground/Forecast_Bust/backend/app/../../model/datasets/gfs_cached_demo.grb2.5b7b6.idx' older than GRIB file
Ignoring index file '/Users/skakibahammed/code_playground/Forecast_Bust/backend/app/../../model/datasets/gfs_cached_demo.grb2.5b7b6.idx' older than GRIB file
/Users/skakibahammed/code_playground/Forecast_Bust/.venv/lib/python3.13/site-packages/cfgrib/xarray_store.py:51: FutureWarning: In a future version of xarray the default value for compat will change from compat='no_conflicts' to compat='override'. This is likely to lead to different results when combining overlapping variables with the same name. To opt in to new defaults and get rid of these warnings now use `set_options(use_new_combine_kwarg_defaults=True) or set compat explicitly.
  o = xr.merge([o, ds], **kwargs)
/Users/skakibahammed/code_playground/Forecast_Bust/.venv/lib/python3.13/site-packages/cfgrib/xarray_store.py:51: FutureWarning: In a future version of xarray the default value for compat will change from compat='no_conflicts' to compat='override'. This is likely to lead to different results when combining overlapping variables with the same name. To opt in to new defaults and get rid of these warnings now use `set_options(use_new_combine_kwarg_defaults=True) or set compat explicitly.
  o = xr.merge([o, ds], **kwargs)
Ignoring index file '/Users/skakibahammed/code_playground/Forecast_Bust/backend/app/../../model/datasets/gfs_cached_demo.grb2.5b7b6.idx' older than GRIB file
Ignoring index file '/Users/skakibahammed/code_playground/Forecast_Bust/backend/app/../../model/datasets/gfs_cached_demo.grb2.5b7b6.idx' older than GRIB file
Ignoring index file '/Users/skakibahammed/code_playground/Forecast_Bust/backend/app/../../model/datasets/gfs_cached_demo.grb2.5b7b6.idx' older than GRIB file
Ignoring index file '/Users/skakibahammed/code_playground/Forecast_Bust/backend/app/../../model/datasets/gfs_cached_demo.grb2.5b7b6.idx' older than GRIB file
Ignoring index file '/Users/skakibahammed/code_playground/Forecast_Bust/backend/app/../../model/datasets/gfs_cached_demo.grb2.5b7b6.idx' older than GRIB file
Ignoring index file '/Users/skakibahammed/code_playground/Forecast_Bust/backend/app/../../model/datasets/gfs_cached_demo.grb2.5b7b6.idx' older than GRIB file
Ignoring index file '/Users/skakibahammed/code_playground/Forecast_Bust/backend/app/../../model/datasets/gfs_cached_demo.grb2.5b7b6.idx' older than GRIB file
Ignoring index file '/Users/skakibahammed/code_playground/Forecast_Bust/backend/app/../../model/datasets/gfs_cached_demo.grb2.5b7b6.idx' older than GRIB file
/Users/skakibahammed/code_playground/Forecast_Bust/.venv/lib/python3.13/site-packages/cfgrib/xarray_store.py:51: FutureWarning: In a future version of xarray the default value for compat will change from compat='no_conflicts' to compat='override'. This is likely to lead to different results when combining overlapping variables with the same name. To opt in to new defaults and get rid of these warnings now use `set_options(use_new_combine_kwarg_defaults=True) or set compat explicitly.
  o = xr.merge([o, ds], **kwargs)
/Users/skakibahammed/code_playground/Forecast_Bust/.venv/lib/python3.13/site-packages/cfgrib/xarray_store.py:51: FutureWarning: In a future version of xarray the default value for compat will change from compat='no_conflicts' to compat='override'. This is likely to lead to different results when combining overlapping variables with the same name. To opt in to new defaults and get rid of these warnings now use `set_options(use_new_combine_kwarg_defaults=True) or set compat explicitly.
  o = xr.merge([o, ds], **kwargs)
Ignoring index file '/Users/skakibahammed/code_playground/Forecast_Bust/backend/app/../../model/datasets/gfs_cached_demo.grb2.5b7b6.idx' older than GRIB file
Ignoring index file '/Users/skakibahammed/code_playground/Forecast_Bust/backend/app/../../model/datasets/gfs_cached_demo.grb2.5b7b6.idx' older than GRIB file
Ignoring index file '/Users/skakibahammed/code_playground/Forecast_Bust/backend/app/../../model/datasets/gfs_cached_demo.grb2.5b7b6.idx' older than GRIB file
Ignoring index file '/Users/skakibahammed/code_playground/Forecast_Bust/backend/app/../../model/datasets/gfs_cached_demo.grb2.5b7b6.idx' older than GRIB file
Ignoring index file '/Users/skakibahammed/code_playground/Forecast_Bust/backend/app/../../model/datasets/gfs_cached_demo.grb2.5b7b6.idx' older than GRIB file
Ignoring index file '/Users/skakibahammed/code_playground/Forecast_Bust/backend/app/../../model/datasets/gfs_cached_demo.grb2.5b7b6.idx' older than GRIB file
Ignoring index file '/Users/skakibahammed/code_playground/Forecast_Bust/backend/app/../../model/datasets/gfs_cached_demo.grb2.5b7b6.idx' older than GRIB file
Ignoring index file '/Users/skakibahammed/code_playground/Forecast_Bust/backend/app/../../model/datasets/gfs_cached_demo.grb2.5b7b6.idx' older than GRIB file
/Users/skakibahammed/code_playground/Forecast_Bust/.venv/lib/python3.13/site-packages/cfgrib/xarray_store.py:51: FutureWarning: In a future version of xarray the default value for compat will change from compat='no_conflicts' to compat='override'. This is likely to lead to different results when combining overlapping variables with the same name. To opt in to new defaults and get rid of these warnings now use `set_options(use_new_combine_kwarg_defaults=True) or set compat explicitly.
  o = xr.merge([o, ds], **kwargs)
/Users/skakibahammed/code_playground/Forecast_Bust/.venv/lib/python3.13/site-packages/cfgrib/xarray_store.py:51: FutureWarning: In a future version of xarray the default value for compat will change from compat='no_conflicts' to compat='override'. This is likely to lead to different results when combining overlapping variables with the same name. To opt in to new defaults and get rid of these warnings now use `set_options(use_new_combine_kwarg_defaults=True) or set compat explicitly.
  o = xr.merge([o, ds], **kwargs)
Ignoring index file '/Users/skakibahammed/code_playground/Forecast_Bust/backend/app/../../model/datasets/gfs_cached_demo.grb2.5b7b6.idx' older than GRIB file
Ignoring index file '/Users/skakibahammed/code_playground/Forecast_Bust/backend/app/../../model/datasets/gfs_cached_demo.grb2.5b7b6.idx' older than GRIB file
Ignoring index file '/Users/skakibahammed/code_playground/Forecast_Bust/backend/app/../../model/datasets/gfs_cached_demo.grb2.5b7b6.idx' older than GRIB file
Ignoring index file '/Users/skakibahammed/code_playground/Forecast_Bust/backend/app/../../model/datasets/gfs_cached_demo.grb2.5b7b6.idx' older than GRIB file
Ignoring index file '/Users/skakibahammed/code_playground/Forecast_Bust/backend/app/../../model/datasets/gfs_cached_demo.grb2.5b7b6.idx' older than GRIB file
Ignoring index file '/Users/skakibahammed/code_playground/Forecast_Bust/backend/app/../../model/datasets/gfs_cached_demo.grb2.5b7b6.idx' older than GRIB file
Ignoring index file '/Users/skakibahammed/code_playground/Forecast_Bust/backend/app/../../model/datasets/gfs_cached_demo.grb2.5b7b6.idx' older than GRIB file
Ignoring index file '/Users/skakibahammed/code_playground/Forecast_Bust/backend/app/../../model/datasets/gfs_cached_demo.grb2.5b7b6.idx' older than GRIB file
/Users/skakibahammed/code_playground/Forecast_Bust/.venv/lib/python3.13/site-packages/cfgrib/xarray_store.py:51: FutureWarning: In a future version of xarray the default value for compat will change from compat='no_conflicts' to compat='override'. This is likely to lead to different results when combining overlapping variables with the same name. To opt in to new defaults and get rid of these warnings now use `set_options(use_new_combine_kwarg_defaults=True) or set compat explicitly.
  o = xr.merge([o, ds], **kwargs)
/Users/skakibahammed/code_playground/Forecast_Bust/.venv/lib/python3.13/site-packages/cfgrib/xarray_store.py:51: FutureWarning: In a future version of xarray the default value for compat will change from compat='no_conflicts' to compat='override'. This is likely to lead to different results when combining overlapping variables with the same name. To opt in to new defaults and get rid of these warnings now use `set_options(use_new_combine_kwarg_defaults=True) or set compat explicitly.
  o = xr.merge([o, ds], **kwargs)
Ignoring index file '/Users/skakibahammed/code_playground/Forecast_Bust/backend/app/../../model/datasets/gfs_cached_demo.grb2.5b7b6.idx' older than GRIB file
Ignoring index file '/Users/skakibahammed/code_playground/Forecast_Bust/backend/app/../../model/datasets/gfs_cached_demo.grb2.5b7b6.idx' older than GRIB file
Ignoring index file '/Users/skakibahammed/code_playground/Forecast_Bust/backend/app/../../model/datasets/gfs_cached_demo.grb2.5b7b6.idx' older than GRIB file
Ignoring index file '/Users/skakibahammed/code_playground/Forecast_Bust/backend/app/../../model/datasets/gfs_cached_demo.grb2.5b7b6.idx' older than GRIB file
Ignoring index file '/Users/skakibahammed/code_playground/Forecast_Bust/backend/app/../../model/datasets/gfs_cached_demo.grb2.5b7b6.idx' older than GRIB file
Ignoring index file '/Users/skakibahammed/code_playground/Forecast_Bust/backend/app/../../model/datasets/gfs_cached_demo.grb2.5b7b6.idx' older than GRIB file
Ignoring index file '/Users/skakibahammed/code_playground/Forecast_Bust/backend/app/../../model/datasets/gfs_cached_demo.grb2.5b7b6.idx' older than GRIB file
Ignoring index file '/Users/skakibahammed/code_playground/Forecast_Bust/backend/app/../../model/datasets/gfs_cached_demo.grb2.5b7b6.idx' older than GRIB file
/Users/skakibahammed/code_playground/Forecast_Bust/.venv/lib/python3.13/site-packages/cfgrib/xarray_store.py:51: FutureWarning: In a future version of xarray the default value for compat will change from compat='no_conflicts' to compat='override'. This is likely to lead to different results when combining overlapping variables with the same name. To opt in to new defaults and get rid of these warnings now use `set_options(use_new_combine_kwarg_defaults=True) or set compat explicitly.
  o = xr.merge([o, ds], **kwargs)
/Users/skakibahammed/code_playground/Forecast_Bust/.venv/lib/python3.13/site-packages/cfgrib/xarray_store.py:51: FutureWarning: In a future version of xarray the default value for compat will change from compat='no_conflicts' to compat='override'. This is likely to lead to different results when combining overlapping variables with the same name. To opt in to new defaults and get rid of these warnings now use `set_options(use_new_combine_kwarg_defaults=True) or set compat explicitly.
  o = xr.merge([o, ds], **kwargs)
INFO:     127.0.0.1:50918 - "GET /api/v1/grid/99_200/timeseries?forecast_date=2026-09-27 HTTP/1.1" 200 OK
Ignoring index file '/Users/skakibahammed/code_playground/Forecast_Bust/backend/app/../../model/datasets/gfs_cached_demo.grb2.5b7b6.idx' older than GRIB file
Ignoring index file '/Users/skakibahammed/code_playground/Forecast_Bust/backend/app/../../model/datasets/gfs_cached_demo.grb2.5b7b6.idx' older than GRIB file
Ignoring index file '/Users/skakibahammed/code_playground/Forecast_Bust/backend/app/../../model/datasets/gfs_cached_demo.grb2.5b7b6.idx' older than GRIB file
Ignoring index file '/Users/skakibahammed/code_playground/Forecast_Bust/backend/app/../../model/datasets/gfs_cached_demo.grb2.5b7b6.idx' older than GRIB file
Ignoring index file '/Users/skakibahammed/code_playground/Forecast_Bust/backend/app/../../model/datasets/gfs_cached_demo.grb2.5b7b6.idx' older than GRIB file
Ignoring index file '/Users/skakibahammed/code_playground/Forecast_Bust/backend/app/../../model/datasets/gfs_cached_demo.grb2.5b7b6.idx' older than GRIB file
Ignoring index file '/Users/skakibahammed/code_playground/Forecast_Bust/backend/app/../../model/datasets/gfs_cached_demo.grb2.5b7b6.idx' older than GRIB file
Ignoring index file '/Users/skakibahammed/code_playground/Forecast_Bust/backend/app/../../model/datasets/gfs_cached_demo.grb2.5b7b6.idx' older than GRIB file
/Users/skakibahammed/code_playground/Forecast_Bust/.venv/lib/python3.13/site-packages/cfgrib/xarray_store.py:51: FutureWarning: In a future version of xarray the default value for compat will change from compat='no_conflicts' to compat='override'. This is likely to lead to different results when combining overlapping variables with the same name. To opt in to new defaults and get rid of these warnings now use `set_options(use_new_combine_kwarg_defaults=True) or set compat explicitly.
  o = xr.merge([o, ds], **kwargs)
/Users/skakibahammed/code_playground/Forecast_Bust/.venv/lib/python3.13/site-packages/cfgrib/xarray_store.py:51: FutureWarning: In a future version of xarray the default value for compat will change from compat='no_conflicts' to compat='override'. This is likely to lead to different results when combining overlapping variables with the same name. To opt in to new defaults and get rid of these warnings now use `set_options(use_new_combine_kwarg_defaults=True) or set compat explicitly.
  o = xr.merge([o, ds], **kwargs)
Ignoring index file '/Users/skakibahammed/code_playground/Forecast_Bust/backend/app/../../model/datasets/gfs_cached_demo.grb2.5b7b6.idx' older than GRIB file
Ignoring index file '/Users/skakibahammed/code_playground/Forecast_Bust/backend/app/../../model/datasets/gfs_cached_demo.grb2.5b7b6.idx' older than GRIB file
Ignoring index file '/Users/skakibahammed/code_playground/Forecast_Bust/backend/app/../../model/datasets/gfs_cached_demo.grb2.5b7b6.idx' older than GRIB file
Ignoring index file '/Users/skakibahammed/code_playground/Forecast_Bust/backend/app/../../model/datasets/gfs_cached_demo.grb2.5b7b6.idx' older than GRIB file
Ignoring index file '/Users/skakibahammed/code_playground/Forecast_Bust/backend/app/../../model/datasets/gfs_cached_demo.grb2.5b7b6.idx' older than GRIB file
Ignoring index file '/Users/skakibahammed/code_playground/Forecast_Bust/backend/app/../../model/datasets/gfs_cached_demo.grb2.5b7b6.idx' older than GRIB file
Ignoring index file '/Users/skakibahammed/code_playground/Forecast_Bust/backend/app/../../model/datasets/gfs_cached_demo.grb2.5b7b6.idx' older than GRIB file
Ignoring index file '/Users/skakibahammed/code_playground/Forecast_Bust/backend/app/../../model/datasets/gfs_cached_demo.grb2.5b7b6.idx' older than GRIB file
/Users/skakibahammed/code_playground/Forecast_Bust/.venv/lib/python3.13/site-packages/cfgrib/xarray_store.py:51: FutureWarning: In a future version of xarray the default value for compat will change from compat='no_conflicts' to compat='override'. This is likely to lead to different results when combining overlapping variables with the same name. To opt in to new defaults and get rid of these warnings now use `set_options(use_new_combine_kwarg_defaults=True) or set compat explicitly.
  o = xr.merge([o, ds], **kwargs)
/Users/skakibahammed/code_playground/Forecast_Bust/.venv/lib/python3.13/site-packages/cfgrib/xarray_store.py:51: FutureWarning: In a future version of xarray the default value for compat will change from compat='no_conflicts' to compat='override'. This is likely to lead to different results when combining overlapping variables with the same name. To opt in to new defaults and get rid of these warnings now use `set_options(use_new_combine_kwarg_defaults=True) or set compat explicitly.
  o = xr.merge([o, ds], **kwargs)
Ignoring index file '/Users/skakibahammed/code_playground/Forecast_Bust/backend/app/../../model/datasets/gfs_cached_demo.grb2.5b7b6.idx' older than GRIB file
Ignoring index file '/Users/skakibahammed/code_playground/Forecast_Bust/backend/app/../../model/datasets/gfs_cached_demo.grb2.5b7b6.idx' older than GRIB file
Ignoring index file '/Users/skakibahammed/code_playground/Forecast_Bust/backend/app/../../model/datasets/gfs_cached_demo.grb2.5b7b6.idx' older than GRIB file
Ignoring index file '/Users/skakibahammed/code_playground/Forecast_Bust/backend/app/../../model/datasets/gfs_cached_demo.grb2.5b7b6.idx' older than GRIB file
Ignoring index file '/Users/skakibahammed/code_playground/Forecast_Bust/backend/app/../../model/datasets/gfs_cached_demo.grb2.5b7b6.idx' older than GRIB file
Ignoring index file '/Users/skakibahammed/code_playground/Forecast_Bust/backend/app/../../model/datasets/gfs_cached_demo.grb2.5b7b6.idx' older than GRIB file
Ignoring index file '/Users/skakibahammed/code_playground/Forecast_Bust/backend/app/../../model/datasets/gfs_cached_demo.grb2.5b7b6.idx' older than GRIB file
Ignoring index file '/Users/skakibahammed/code_playground/Forecast_Bust/backend/app/../../model/datasets/gfs_cached_demo.grb2.5b7b6.idx' older than GRIB file
/Users/skakibahammed/code_playground/Forecast_Bust/.venv/lib/python3.13/site-packages/cfgrib/xarray_store.py:51: FutureWarning: In a future version of xarray the default value for compat will change from compat='no_conflicts' to compat='override'. This is likely to lead to different results when combining overlapping variables with the same name. To opt in to new defaults and get rid of these warnings now use `set_options(use_new_combine_kwarg_defaults=True) or set compat explicitly.
  o = xr.merge([o, ds], **kwargs)
/Users/skakibahammed/code_playground/Forecast_Bust/.venv/lib/python3.13/site-packages/cfgrib/xarray_store.py:51: FutureWarning: In a future version of xarray the default value for compat will change from compat='no_conflicts' to compat='override'. This is likely to lead to different results when combining overlapping variables with the same name. To opt in to new defaults and get rid of these warnings now use `set_options(use_new_combine_kwarg_defaults=True) or set compat explicitly.
  o = xr.merge([o, ds], **kwargs)
Ignoring index file '/Users/skakibahammed/code_playground/Forecast_Bust/backend/app/../../model/datasets/gfs_cached_demo.grb2.5b7b6.idx' older than GRIB file
Ignoring index file '/Users/skakibahammed/code_playground/Forecast_Bust/backend/app/../../model/datasets/gfs_cached_demo.grb2.5b7b6.idx' older than GRIB file
Ignoring index file '/Users/skakibahammed/code_playground/Forecast_Bust/backend/app/../../model/datasets/gfs_cached_demo.grb2.5b7b6.idx' older than GRIB file
Ignoring index file '/Users/skakibahammed/code_playground/Forecast_Bust/backend/app/../../model/datasets/gfs_cached_demo.grb2.5b7b6.idx' older than GRIB file
Ignoring index file '/Users/skakibahammed/code_playground/Forecast_Bust/backend/app/../../model/datasets/gfs_cached_demo.grb2.5b7b6.idx' older than GRIB file
Ignoring index file '/Users/skakibahammed/code_playground/Forecast_Bust/backend/app/../../model/datasets/gfs_cached_demo.grb2.5b7b6.idx' older than GRIB file
Ignoring index file '/Users/skakibahammed/code_playground/Forecast_Bust/backend/app/../../model/datasets/gfs_cached_demo.grb2.5b7b6.idx' older than GRIB file
Ignoring index file '/Users/skakibahammed/code_playground/Forecast_Bust/backend/app/../../model/datasets/gfs_cached_demo.grb2.5b7b6.idx' older than GRIB file
/Users/skakibahammed/code_playground/Forecast_Bust/.venv/lib/python3.13/site-packages/cfgrib/xarray_store.py:51: FutureWarning: In a future version of xarray the default value for compat will change from compat='no_conflicts' to compat='override'. This is likely to lead to different results when combining overlapping variables with the same name. To opt in to new defaults and get rid of these warnings now use `set_options(use_new_combine_kwarg_defaults=True) or set compat explicitly.
  o = xr.merge([o, ds], **kwargs)
/Users/skakibahammed/code_playground/Forecast_Bust/.venv/lib/python3.13/site-packages/cfgrib/xarray_store.py:51: FutureWarning: In a future version of xarray the default value for compat will change from compat='no_conflicts' to compat='override'. This is likely to lead to different results when combining overlapping variables with the same name. To opt in to new defaults and get rid of these warnings now use `set_options(use_new_combine_kwarg_defaults=True) or set compat explicitly.
  o = xr.merge([o, ds], **kwargs)
Ignoring index file '/Users/skakibahammed/code_playground/Forecast_Bust/backend/app/../../model/datasets/gfs_cached_demo.grb2.5b7b6.idx' older than GRIB file
Ignoring index file '/Users/skakibahammed/code_playground/Forecast_Bust/backend/app/../../model/datasets/gfs_cached_demo.grb2.5b7b6.idx' older than GRIB file
Ignoring index file '/Users/skakibahammed/code_playground/Forecast_Bust/backend/app/../../model/datasets/gfs_cached_demo.grb2.5b7b6.idx' older than GRIB file
Ignoring index file '/Users/skakibahammed/code_playground/Forecast_Bust/backend/app/../../model/datasets/gfs_cached_demo.grb2.5b7b6.idx' older than GRIB file
Ignoring index file '/Users/skakibahammed/code_playground/Forecast_Bust/backend/app/../../model/datasets/gfs_cached_demo.grb2.5b7b6.idx' older than GRIB file
Ignoring index file '/Users/skakibahammed/code_playground/Forecast_Bust/backend/app/../../model/datasets/gfs_cached_demo.grb2.5b7b6.idx' older than GRIB file
Ignoring index file '/Users/skakibahammed/code_playground/Forecast_Bust/backend/app/../../model/datasets/gfs_cached_demo.grb2.5b7b6.idx' older than GRIB file
Ignoring index file '/Users/skakibahammed/code_playground/Forecast_Bust/backend/app/../../model/datasets/gfs_cached_demo.grb2.5b7b6.idx' older than GRIB file
/Users/skakibahammed/code_playground/Forecast_Bust/.venv/lib/python3.13/site-packages/cfgrib/xarray_store.py:51: FutureWarning: In a future version of xarray the default value for compat will change from compat='no_conflicts' to compat='override'. This is likely to lead to different results when combining overlapping variables with the same name. To opt in to new defaults and get rid of these warnings now use `set_options(use_new_combine_kwarg_defaults=True) or set compat explicitly.
  o = xr.merge([o, ds], **kwargs)
/Users/skakibahammed/code_playground/Forecast_Bust/.venv/lib/python3.13/site-packages/cfgrib/xarray_store.py:51: FutureWarning: In a future version of xarray the default value for compat will change from compat='no_conflicts' to compat='override'. This is likely to lead to different results when combining overlapping variables with the same name. To opt in to new defaults and get rid of these warnings now use `set_options(use_new_combine_kwarg_defaults=True) or set compat explicitly.
  o = xr.merge([o, ds], **kwargs)
Ignoring index file '/Users/skakibahammed/code_playground/Forecast_Bust/backend/app/../../model/datasets/gfs_cached_demo.grb2.5b7b6.idx' older than GRIB file
Ignoring index file '/Users/skakibahammed/code_playground/Forecast_Bust/backend/app/../../model/datasets/gfs_cached_demo.grb2.5b7b6.idx' older than GRIB file
Ignoring index file '/Users/skakibahammed/code_playground/Forecast_Bust/backend/app/../../model/datasets/gfs_cached_demo.grb2.5b7b6.idx' older than GRIB file
Ignoring index file '/Users/skakibahammed/code_playground/Forecast_Bust/backend/app/../../model/datasets/gfs_cached_demo.grb2.5b7b6.idx' older than GRIB file
Ignoring index file '/Users/skakibahammed/code_playground/Forecast_Bust/backend/app/../../model/datasets/gfs_cached_demo.grb2.5b7b6.idx' older than GRIB file
Ignoring index file '/Users/skakibahammed/code_playground/Forecast_Bust/backend/app/../../model/datasets/gfs_cached_demo.grb2.5b7b6.idx' older than GRIB file
Ignoring index file '/Users/skakibahammed/code_playground/Forecast_Bust/backend/app/../../model/datasets/gfs_cached_demo.grb2.5b7b6.idx' older than GRIB file
Ignoring index file '/Users/skakibahammed/code_playground/Forecast_Bust/backend/app/../../model/datasets/gfs_cached_demo.grb2.5b7b6.idx' older than GRIB file
/Users/skakibahammed/code_playground/Forecast_Bust/.venv/lib/python3.13/site-packages/cfgrib/xarray_store.py:51: FutureWarning: In a future version of xarray the default value for compat will change from compat='no_conflicts' to compat='override'. This is likely to lead to different results when combining overlapping variables with the same name. To opt in to new defaults and get rid of these warnings now use `set_options(use_new_combine_kwarg_defaults=True) or set compat explicitly.
  o = xr.merge([o, ds], **kwargs)
/Users/skakibahammed/code_playground/Forecast_Bust/.venv/lib/python3.13/site-packages/cfgrib/xarray_store.py:51: FutureWarning: In a future version of xarray the default value for compat will change from compat='no_conflicts' to compat='override'. This is likely to lead to different results when combining overlapping variables with the same name. To opt in to new defaults and get rid of these warnings now use `set_options(use_new_combine_kwarg_defaults=True) or set compat explicitly.
  o = xr.merge([o, ds], **kwargs)
Ignoring index file '/Users/skakibahammed/code_playground/Forecast_Bust/backend/app/../../model/datasets/gfs_cached_demo.grb2.5b7b6.idx' older than GRIB file
Ignoring index file '/Users/skakibahammed/code_playground/Forecast_Bust/backend/app/../../model/datasets/gfs_cached_demo.grb2.5b7b6.idx' older than GRIB file
Ignoring index file '/Users/skakibahammed/code_playground/Forecast_Bust/backend/app/../../model/datasets/gfs_cached_demo.grb2.5b7b6.idx' older than GRIB file
Ignoring index file '/Users/skakibahammed/code_playground/Forecast_Bust/backend/app/../../model/datasets/gfs_cached_demo.grb2.5b7b6.idx' older than GRIB file
Ignoring index file '/Users/skakibahammed/code_playground/Forecast_Bust/backend/app/../../model/datasets/gfs_cached_demo.grb2.5b7b6.idx' older than GRIB file
Ignoring index file '/Users/skakibahammed/code_playground/Forecast_Bust/backend/app/../../model/datasets/gfs_cached_demo.grb2.5b7b6.idx' older than GRIB file
Ignoring index file '/Users/skakibahammed/code_playground/Forecast_Bust/backend/app/../../model/datasets/gfs_cached_demo.grb2.5b7b6.idx' older than GRIB file
Ignoring index file '/Users/skakibahammed/code_playground/Forecast_Bust/backend/app/../../model/datasets/gfs_cached_demo.grb2.5b7b6.idx' older than GRIB file
/Users/skakibahammed/code_playground/Forecast_Bust/.venv/lib/python3.13/site-packages/cfgrib/xarray_store.py:51: FutureWarning: In a future version of xarray the default value for compat will change from compat='no_conflicts' to compat='override'. This is likely to lead to different results when combining overlapping variables with the same name. To opt in to new defaults and get rid of these warnings now use `set_options(use_new_combine_kwarg_defaults=True) or set compat explicitly.
  o = xr.merge([o, ds], **kwargs)
/Users/skakibahammed/code_playground/Forecast_Bust/.venv/lib/python3.13/site-packages/cfgrib/xarray_store.py:51: FutureWarning: In a future version of xarray the default value for compat will change from compat='no_conflicts' to compat='override'. This is likely to lead to different results when combining overlapping variables with the same name. To opt in to new defaults and get rid of these warnings now use `set_options(use_new_combine_kwarg_defaults=True) or set compat explicitly.
  o = xr.merge([o, ds], **kwargs)
Ignoring index file '/Users/skakibahammed/code_playground/Forecast_Bust/backend/app/../../model/datasets/gfs_cached_demo.grb2.5b7b6.idx' older than GRIB file
Ignoring index file '/Users/skakibahammed/code_playground/Forecast_Bust/backend/app/../../model/datasets/gfs_cached_demo.grb2.5b7b6.idx' older than GRIB file
Ignoring index file '/Users/skakibahammed/code_playground/Forecast_Bust/backend/app/../../model/datasets/gfs_cached_demo.grb2.5b7b6.idx' older than GRIB file
Ignoring index file '/Users/skakibahammed/code_playground/Forecast_Bust/backend/app/../../model/datasets/gfs_cached_demo.grb2.5b7b6.idx' older than GRIB file
Ignoring index file '/Users/skakibahammed/code_playground/Forecast_Bust/backend/app/../../model/datasets/gfs_cached_demo.grb2.5b7b6.idx' older than GRIB file
Ignoring index file '/Users/skakibahammed/code_playground/Forecast_Bust/backend/app/../../model/datasets/gfs_cached_demo.grb2.5b7b6.idx' older than GRIB file
Ignoring index file '/Users/skakibahammed/code_playground/Forecast_Bust/backend/app/../../model/datasets/gfs_cached_demo.grb2.5b7b6.idx' older than GRIB file
Ignoring index file '/Users/skakibahammed/code_playground/Forecast_Bust/backend/app/../../model/datasets/gfs_cached_demo.grb2.5b7b6.idx' older than GRIB file
/Users/skakibahammed/code_playground/Forecast_Bust/.venv/lib/python3.13/site-packages/cfgrib/xarray_store.py:51: FutureWarning: In a future version of xarray the default value for compat will change from compat='no_conflicts' to compat='override'. This is likely to lead to different results when combining overlapping variables with the same name. To opt in to new defaults and get rid of these warnings now use `set_options(use_new_combine_kwarg_defaults=True) or set compat explicitly.
  o = xr.merge([o, ds], **kwargs)
/Users/skakibahammed/code_playground/Forecast_Bust/.venv/lib/python3.13/site-packages/cfgrib/xarray_store.py:51: FutureWarning: In a future version of xarray the default value for compat will change from compat='no_conflicts' to compat='override'. This is likely to lead to different results when combining overlapping variables with the same name. To opt in to new defaults and get rid of these warnings now use `set_options(use_new_combine_kwarg_defaults=True) or set compat explicitly.
  o = xr.merge([o, ds], **kwargs)
Ignoring index file '/Users/skakibahammed/code_playground/Forecast_Bust/backend/app/../../model/datasets/gfs_cached_demo.grb2.5b7b6.idx' older than GRIB file
Ignoring index file '/Users/skakibahammed/code_playground/Forecast_Bust/backend/app/../../model/datasets/gfs_cached_demo.grb2.5b7b6.idx' older than GRIB file
Ignoring index file '/Users/skakibahammed/code_playground/Forecast_Bust/backend/app/../../model/datasets/gfs_cached_demo.grb2.5b7b6.idx' older than GRIB file
Ignoring index file '/Users/skakibahammed/code_playground/Forecast_Bust/backend/app/../../model/datasets/gfs_cached_demo.grb2.5b7b6.idx' older than GRIB file
Ignoring index file '/Users/skakibahammed/code_playground/Forecast_Bust/backend/app/../../model/datasets/gfs_cached_demo.grb2.5b7b6.idx' older than GRIB file
Ignoring index file '/Users/skakibahammed/code_playground/Forecast_Bust/backend/app/../../model/datasets/gfs_cached_demo.grb2.5b7b6.idx' older than GRIB file
Ignoring index file '/Users/skakibahammed/code_playground/Forecast_Bust/backend/app/../../model/datasets/gfs_cached_demo.grb2.5b7b6.idx' older than GRIB file
Ignoring index file '/Users/skakibahammed/code_playground/Forecast_Bust/backend/app/../../model/datasets/gfs_cached_demo.grb2.5b7b6.idx' older than GRIB file
/Users/skakibahammed/code_playground/Forecast_Bust/.venv/lib/python3.13/site-packages/cfgrib/xarray_store.py:51: FutureWarning: In a future version of xarray the default value for compat will change from compat='no_conflicts' to compat='override'. This is likely to lead to different results when combining overlapping variables with the same name. To opt in to new defaults and get rid of these warnings now use `set_options(use_new_combine_kwarg_defaults=True) or set compat explicitly.
  o = xr.merge([o, ds], **kwargs)
/Users/skakibahammed/code_playground/Forecast_Bust/.venv/lib/python3.13/site-packages/cfgrib/xarray_store.py:51: FutureWarning: In a future version of xarray the default value for compat will change from compat='no_conflicts' to compat='override'. This is likely to lead to different results when combining overlapping variables with the same name. To opt in to new defaults and get rid of these warnings now use `set_options(use_new_combine_kwarg_defaults=True) or set compat explicitly.
  o = xr.merge([o, ds], **kwargs)
Ignoring index file '/Users/skakibahammed/code_playground/Forecast_Bust/backend/app/../../model/datasets/gfs_cached_demo.grb2.5b7b6.idx' older than GRIB file
Ignoring index file '/Users/skakibahammed/code_playground/Forecast_Bust/backend/app/../../model/datasets/gfs_cached_demo.grb2.5b7b6.idx' older than GRIB file
Ignoring index file '/Users/skakibahammed/code_playground/Forecast_Bust/backend/app/../../model/datasets/gfs_cached_demo.grb2.5b7b6.idx' older than GRIB file
Ignoring index file '/Users/skakibahammed/code_playground/Forecast_Bust/backend/app/../../model/datasets/gfs_cached_demo.grb2.5b7b6.idx' older than GRIB file
Ignoring index file '/Users/skakibahammed/code_playground/Forecast_Bust/backend/app/../../model/datasets/gfs_cached_demo.grb2.5b7b6.idx' older than GRIB file
Ignoring index file '/Users/skakibahammed/code_playground/Forecast_Bust/backend/app/../../model/datasets/gfs_cached_demo.grb2.5b7b6.idx' older than GRIB file
Ignoring index file '/Users/skakibahammed/code_playground/Forecast_Bust/backend/app/../../model/datasets/gfs_cached_demo.grb2.5b7b6.idx' older than GRIB file
Ignoring index file '/Users/skakibahammed/code_playground/Forecast_Bust/backend/app/../../model/datasets/gfs_cached_demo.grb2.5b7b6.idx' older than GRIB file
/Users/skakibahammed/code_playground/Forecast_Bust/.venv/lib/python3.13/site-packages/cfgrib/xarray_store.py:51: FutureWarning: In a future version of xarray the default value for compat will change from compat='no_conflicts' to compat='override'. This is likely to lead to different results when combining overlapping variables with the same name. To opt in to new defaults and get rid of these warnings now use `set_options(use_new_combine_kwarg_defaults=True) or set compat explicitly.
  o = xr.merge([o, ds], **kwargs)
/Users/skakibahammed/code_playground/Forecast_Bust/.venv/lib/python3.13/site-packages/cfgrib/xarray_store.py:51: FutureWarning: In a future version of xarray the default value for compat will change from compat='no_conflicts' to compat='override'. This is likely to lead to different results when combining overlapping variables with the same name. To opt in to new defaults and get rid of these warnings now use `set_options(use_new_combine_kwarg_defaults=True) or set compat explicitly.
  o = xr.merge([o, ds], **kwargs)
INFO:     127.0.0.1:50920 - "GET /api/v1/grid/99_200/timeseries?forecast_date=2026-09-27 HTTP/1.1" 200 OK
INFO:     127.0.0.1:50922 - "GET /api/v1/grid/22.5/timeseries?forecast_date=2026-09-27 HTTP/1.1" 422 Unprocessable Content
INFO:     127.0.0.1:50924 - "GET /api/v1/grid/22.5/timeseries?forecast_date=2026-09-27 HTTP/1.1" 422 Unprocessable Content
INFO:     127.0.0.1:50926 - "GET /api/v1/confidence-map?forecast_date=2026-09-27&lead_day=0 HTTP/1.1" 422 Unprocessable Content
INFO:     127.0.0.1:50928 - "GET /api/v1/confidence-map?forecast_date=2026-09-27&lead_day=0 HTTP/1.1" 422 Unprocessable Content
INFO:     127.0.0.1:50930 - "GET /api/v1/confidence-map?forecast_date=2026-09-27&lead_day=11 HTTP/1.1" 422 Unprocessable Content
INFO:     127.0.0.1:50932 - "GET /api/v1/confidence-map?forecast_date=2026-09-27&lead_day=11 HTTP/1.1" 422 Unprocessable Content
INFO:     127.0.0.1:50934 - "GET /api/v1/confidence-map?forecast_date=2026-13-45&lead_day=1 HTTP/1.1" 500 Internal Server Error
ERROR:    Exception in ASGI application
Traceback (most recent call last):
  File "pandas/_libs/tslibs/parsing.pyx", line 670, in pandas._libs.tslibs.parsing.dateutil_parse
ValueError: month must be in 1..12

The above exception was the direct cause of the following exception:

Traceback (most recent call last):
  File "/Users/skakibahammed/code_playground/Forecast_Bust/.venv/lib/python3.13/site-packages/uvicorn/protocols/http/h11_impl.py", line 411, in run_asgi
    result = await app(  # type: ignore[func-returns-value]
             ^^^^^^^^^^^^^^^^^^^^^^^^^^^^^^^^^^^^^^^^^^^^^^
        self.scope, self.receive, self.send
        ^^^^^^^^^^^^^^^^^^^^^^^^^^^^^^^^^^^
    )
    ^
  File "/Users/skakibahammed/code_playground/Forecast_Bust/.venv/lib/python3.13/site-packages/uvicorn/middleware/proxy_headers.py", line 63, in __call__
    return await self.app(scope, receive, send)
           ^^^^^^^^^^^^^^^^^^^^^^^^^^^^^^^^^^^^
  File "/Users/skakibahammed/code_playground/Forecast_Bust/.venv/lib/python3.13/site-packages/fastapi/applications.py", line 1163, in __call__
    await super().__call__(scope, receive, send)
  File "/Users/skakibahammed/code_playground/Forecast_Bust/.venv/lib/python3.13/site-packages/starlette/applications.py", line 96, in __call__
    await self.middleware_stack(scope, receive, send)
  File "/Users/skakibahammed/code_playground/Forecast_Bust/.venv/lib/python3.13/site-packages/starlette/middleware/errors.py", line 186, in __call__
    raise exc
  File "/Users/skakibahammed/code_playground/Forecast_Bust/.venv/lib/python3.13/site-packages/starlette/middleware/errors.py", line 164, in __call__
    await self.app(scope, receive, _send)
  File "/Users/skakibahammed/code_playground/Forecast_Bust/.venv/lib/python3.13/site-packages/starlette/middleware/cors.py", line 91, in __call__
    await self.simple_response(scope, receive, send, request_headers=headers)
  File "/Users/skakibahammed/code_playground/Forecast_Bust/.venv/lib/python3.13/site-packages/starlette/middleware/cors.py", line 149, in simple_response
    await self.app(scope, receive, send)
  File "/Users/skakibahammed/code_playground/Forecast_Bust/.venv/lib/python3.13/site-packages/starlette/middleware/exceptions.py", line 63, in __call__
    await wrap_app_handling_exceptions(self.app, conn)(scope, receive, send)
  File "/Users/skakibahammed/code_playground/Forecast_Bust/.venv/lib/python3.13/site-packages/starlette/_exception_handler.py", line 53, in wrapped_app
    raise exc
  File "/Users/skakibahammed/code_playground/Forecast_Bust/.venv/lib/python3.13/site-packages/starlette/_exception_handler.py", line 42, in wrapped_app
    await app(scope, receive, sender)
  File "/Users/skakibahammed/code_playground/Forecast_Bust/.venv/lib/python3.13/site-packages/fastapi/middleware/asyncexitstack.py", line 18, in __call__
    await self.app(scope, receive, send)
  File "/Users/skakibahammed/code_playground/Forecast_Bust/.venv/lib/python3.13/site-packages/starlette/routing.py", line 676, in __call__
    await self.middleware_stack(scope, receive, send)
  File "/Users/skakibahammed/code_playground/Forecast_Bust/.venv/lib/python3.13/site-packages/fastapi/routing.py", line 2734, in app
    await route.handle(scope, receive, send)
  File "/Users/skakibahammed/code_playground/Forecast_Bust/.venv/lib/python3.13/site-packages/fastapi/routing.py", line 1281, in handle
    await super().handle(scope, receive, send)
  File "/Users/skakibahammed/code_playground/Forecast_Bust/.venv/lib/python3.13/site-packages/starlette/routing.py", line 282, in handle
    await self.app(scope, receive, send)
  File "/Users/skakibahammed/code_playground/Forecast_Bust/.venv/lib/python3.13/site-packages/fastapi/routing.py", line 158, in app
    await wrap_app_handling_exceptions(app, request)(scope, receive, send)
  File "/Users/skakibahammed/code_playground/Forecast_Bust/.venv/lib/python3.13/site-packages/starlette/_exception_handler.py", line 53, in wrapped_app
    raise exc
  File "/Users/skakibahammed/code_playground/Forecast_Bust/.venv/lib/python3.13/site-packages/starlette/_exception_handler.py", line 42, in wrapped_app
    await app(scope, receive, sender)
  File "/Users/skakibahammed/code_playground/Forecast_Bust/.venv/lib/python3.13/site-packages/fastapi/routing.py", line 144, in app
    response = await f(request)
               ^^^^^^^^^^^^^^^^
  File "/Users/skakibahammed/code_playground/Forecast_Bust/.venv/lib/python3.13/site-packages/fastapi/routing.py", line 706, in app
    raw_response = await run_endpoint_function(
                   ^^^^^^^^^^^^^^^^^^^^^^^^^^^^
    ...<3 lines>...
    )
    ^
  File "/Users/skakibahammed/code_playground/Forecast_Bust/.venv/lib/python3.13/site-packages/fastapi/routing.py", line 354, in run_endpoint_function
    return await run_in_threadpool(dependant.call, **values)
           ^^^^^^^^^^^^^^^^^^^^^^^^^^^^^^^^^^^^^^^^^^^^^^^^^
  File "/Users/skakibahammed/code_playground/Forecast_Bust/.venv/lib/python3.13/site-packages/starlette/concurrency.py", line 34, in run_in_threadpool
    return await anyio.to_thread.run_sync(func)
           ^^^^^^^^^^^^^^^^^^^^^^^^^^^^^^^^^^^^
  File "/Users/skakibahammed/code_playground/Forecast_Bust/.venv/lib/python3.13/site-packages/anyio/to_thread.py", line 65, in run_sync
    return await get_async_backend().run_sync_in_worker_thread(
           ^^^^^^^^^^^^^^^^^^^^^^^^^^^^^^^^^^^^^^^^^^^^^^^^^^^^
        func, args, abandon_on_cancel=abandon_on_cancel, limiter=limiter
        ^^^^^^^^^^^^^^^^^^^^^^^^^^^^^^^^^^^^^^^^^^^^^^^^^^^^^^^^^^^^^^^^
    )
    ^
  File "/Users/skakibahammed/code_playground/Forecast_Bust/.venv/lib/python3.13/site-packages/anyio/_backends/_asyncio.py", line 2706, in run_sync_in_worker_thread
    return await future
           ^^^^^^^^^^^^
  File "/Users/skakibahammed/code_playground/Forecast_Bust/.venv/lib/python3.13/site-packages/anyio/_backends/_asyncio.py", line 1100, in run
    result = context.run(func, *args)
  File "/Users/skakibahammed/code_playground/Forecast_Bust/backend/app/main.py", line 67, in confidence_map
    return get_confidence_map(forecast_date, lead_day)
  File "/Users/skakibahammed/code_playground/Forecast_Bust/backend/app/confidence.py", line 59, in get_confidence_map
    features_df, mode = get_forecast_features_batch(forecast_date, lead_day)
                        ~~~~~~~~~~~~~~~~~~~~~~~~~~~^^^^^^^^^^^^^^^^^^^^^^^^^
  File "/Users/skakibahammed/code_playground/Forecast_Bust/backend/app/feature_provider.py", line 40, in get_forecast_features_batch
    mode = determine_routing_mode(forecast_date)
  File "/Users/skakibahammed/code_playground/Forecast_Bust/backend/app/feature_provider.py", line 30, in determine_routing_mode
    forecast_dt = pd.to_datetime(forecast_date)
  File "/Users/skakibahammed/code_playground/Forecast_Bust/.venv/lib/python3.13/site-packages/pandas/core/tools/datetimes.py", line 1074, in to_datetime
    result = convert_listlike(np.array([arg]), format)[0]
             ~~~~~~~~~~~~~~~~^^^^^^^^^^^^^^^^^^^^^^^^^
  File "/Users/skakibahammed/code_playground/Forecast_Bust/.venv/lib/python3.13/site-packages/pandas/core/tools/datetimes.py", line 437, in _convert_listlike_datetimes
    result, tz_parsed = objects_to_datetime64(
                        ~~~~~~~~~~~~~~~~~~~~~^
        arg,
        ^^^^
    ...<4 lines>...
        allow_object=True,
        ^^^^^^^^^^^^^^^^^^
    )
    ^
  File "/Users/skakibahammed/code_playground/Forecast_Bust/.venv/lib/python3.13/site-packages/pandas/core/arrays/datetimes.py", line 2623, in objects_to_datetime64
    result, tz_parsed = tslib.array_to_datetime(
                        ~~~~~~~~~~~~~~~~~~~~~~~^
        data,
        ^^^^^
    ...<4 lines>...
        creso=abbrev_to_npy_unit(out_unit),
        ^^^^^^^^^^^^^^^^^^^^^^^^^^^^^^^^^^^
    )
    ^
  File "pandas/_libs/tslib.pyx", line 259, in pandas._libs.tslib.array_to_datetime
  File "pandas/_libs/tslib.pyx", line 473, in pandas._libs.tslib.array_to_datetime
  File "pandas/_libs/tslib.pyx", line 430, in pandas._libs.tslib.array_to_datetime
  File "pandas/_libs/tslibs/conversion.pyx", line 658, in pandas._libs.tslibs.conversion.convert_str_to_tsobject
  File "pandas/_libs/tslibs/parsing.pyx", line 321, in pandas._libs.tslibs.parsing.parse_datetime_string
  File "pandas/_libs/tslibs/parsing.pyx", line 674, in pandas._libs.tslibs.parsing.dateutil_parse
pandas._libs.tslibs.parsing.DateParseError: month must be in 1..12: 2026-13-45
INFO:     127.0.0.1:50936 - "GET /api/v1/confidence-map?forecast_date=2026-13-45&lead_day=1 HTTP/1.1" 500 Internal Server Error
ERROR:    Exception in ASGI application
Traceback (most recent call last):
  File "pandas/_libs/tslibs/parsing.pyx", line 670, in pandas._libs.tslibs.parsing.dateutil_parse
ValueError: month must be in 1..12

The above exception was the direct cause of the following exception:

Traceback (most recent call last):
  File "/Users/skakibahammed/code_playground/Forecast_Bust/.venv/lib/python3.13/site-packages/uvicorn/protocols/http/h11_impl.py", line 411, in run_asgi
    result = await app(  # type: ignore[func-returns-value]
             ^^^^^^^^^^^^^^^^^^^^^^^^^^^^^^^^^^^^^^^^^^^^^^
        self.scope, self.receive, self.send
        ^^^^^^^^^^^^^^^^^^^^^^^^^^^^^^^^^^^
    )
    ^
  File "/Users/skakibahammed/code_playground/Forecast_Bust/.venv/lib/python3.13/site-packages/uvicorn/middleware/proxy_headers.py", line 63, in __call__
    return await self.app(scope, receive, send)
           ^^^^^^^^^^^^^^^^^^^^^^^^^^^^^^^^^^^^
  File "/Users/skakibahammed/code_playground/Forecast_Bust/.venv/lib/python3.13/site-packages/fastapi/applications.py", line 1163, in __call__
    await super().__call__(scope, receive, send)
  File "/Users/skakibahammed/code_playground/Forecast_Bust/.venv/lib/python3.13/site-packages/starlette/applications.py", line 96, in __call__
    await self.middleware_stack(scope, receive, send)
  File "/Users/skakibahammed/code_playground/Forecast_Bust/.venv/lib/python3.13/site-packages/starlette/middleware/errors.py", line 186, in __call__
    raise exc
  File "/Users/skakibahammed/code_playground/Forecast_Bust/.venv/lib/python3.13/site-packages/starlette/middleware/errors.py", line 164, in __call__
    await self.app(scope, receive, _send)
  File "/Users/skakibahammed/code_playground/Forecast_Bust/.venv/lib/python3.13/site-packages/starlette/middleware/cors.py", line 91, in __call__
    await self.simple_response(scope, receive, send, request_headers=headers)
  File "/Users/skakibahammed/code_playground/Forecast_Bust/.venv/lib/python3.13/site-packages/starlette/middleware/cors.py", line 149, in simple_response
    await self.app(scope, receive, send)
  File "/Users/skakibahammed/code_playground/Forecast_Bust/.venv/lib/python3.13/site-packages/starlette/middleware/exceptions.py", line 63, in __call__
    await wrap_app_handling_exceptions(self.app, conn)(scope, receive, send)
  File "/Users/skakibahammed/code_playground/Forecast_Bust/.venv/lib/python3.13/site-packages/starlette/_exception_handler.py", line 53, in wrapped_app
    raise exc
  File "/Users/skakibahammed/code_playground/Forecast_Bust/.venv/lib/python3.13/site-packages/starlette/_exception_handler.py", line 42, in wrapped_app
    await app(scope, receive, sender)
  File "/Users/skakibahammed/code_playground/Forecast_Bust/.venv/lib/python3.13/site-packages/fastapi/middleware/asyncexitstack.py", line 18, in __call__
    await self.app(scope, receive, send)
  File "/Users/skakibahammed/code_playground/Forecast_Bust/.venv/lib/python3.13/site-packages/starlette/routing.py", line 676, in __call__
    await self.middleware_stack(scope, receive, send)
  File "/Users/skakibahammed/code_playground/Forecast_Bust/.venv/lib/python3.13/site-packages/fastapi/routing.py", line 2734, in app
    await route.handle(scope, receive, send)
  File "/Users/skakibahammed/code_playground/Forecast_Bust/.venv/lib/python3.13/site-packages/fastapi/routing.py", line 1281, in handle
    await super().handle(scope, receive, send)
  File "/Users/skakibahammed/code_playground/Forecast_Bust/.venv/lib/python3.13/site-packages/starlette/routing.py", line 282, in handle
    await self.app(scope, receive, send)
  File "/Users/skakibahammed/code_playground/Forecast_Bust/.venv/lib/python3.13/site-packages/fastapi/routing.py", line 158, in app
    await wrap_app_handling_exceptions(app, request)(scope, receive, send)
  File "/Users/skakibahammed/code_playground/Forecast_Bust/.venv/lib/python3.13/site-packages/starlette/_exception_handler.py", line 53, in wrapped_app
    raise exc
  File "/Users/skakibahammed/code_playground/Forecast_Bust/.venv/lib/python3.13/site-packages/starlette/_exception_handler.py", line 42, in wrapped_app
    await app(scope, receive, sender)
  File "/Users/skakibahammed/code_playground/Forecast_Bust/.venv/lib/python3.13/site-packages/fastapi/routing.py", line 144, in app
    response = await f(request)
               ^^^^^^^^^^^^^^^^
  File "/Users/skakibahammed/code_playground/Forecast_Bust/.venv/lib/python3.13/site-packages/fastapi/routing.py", line 706, in app
    raw_response = await run_endpoint_function(
                   ^^^^^^^^^^^^^^^^^^^^^^^^^^^^
    ...<3 lines>...
    )
    ^
  File "/Users/skakibahammed/code_playground/Forecast_Bust/.venv/lib/python3.13/site-packages/fastapi/routing.py", line 354, in run_endpoint_function
    return await run_in_threadpool(dependant.call, **values)
           ^^^^^^^^^^^^^^^^^^^^^^^^^^^^^^^^^^^^^^^^^^^^^^^^^
  File "/Users/skakibahammed/code_playground/Forecast_Bust/.venv/lib/python3.13/site-packages/starlette/concurrency.py", line 34, in run_in_threadpool
    return await anyio.to_thread.run_sync(func)
           ^^^^^^^^^^^^^^^^^^^^^^^^^^^^^^^^^^^^
  File "/Users/skakibahammed/code_playground/Forecast_Bust/.venv/lib/python3.13/site-packages/anyio/to_thread.py", line 65, in run_sync
    return await get_async_backend().run_sync_in_worker_thread(
           ^^^^^^^^^^^^^^^^^^^^^^^^^^^^^^^^^^^^^^^^^^^^^^^^^^^^
        func, args, abandon_on_cancel=abandon_on_cancel, limiter=limiter
        ^^^^^^^^^^^^^^^^^^^^^^^^^^^^^^^^^^^^^^^^^^^^^^^^^^^^^^^^^^^^^^^^
    )
    ^
  File "/Users/skakibahammed/code_playground/Forecast_Bust/.venv/lib/python3.13/site-packages/anyio/_backends/_asyncio.py", line 2706, in run_sync_in_worker_thread
    return await future
           ^^^^^^^^^^^^
  File "/Users/skakibahammed/code_playground/Forecast_Bust/.venv/lib/python3.13/site-packages/anyio/_backends/_asyncio.py", line 1100, in run
    result = context.run(func, *args)
  File "/Users/skakibahammed/code_playground/Forecast_Bust/backend/app/main.py", line 67, in confidence_map
    return get_confidence_map(forecast_date, lead_day)
  File "/Users/skakibahammed/code_playground/Forecast_Bust/backend/app/confidence.py", line 59, in get_confidence_map
    features_df, mode = get_forecast_features_batch(forecast_date, lead_day)
                        ~~~~~~~~~~~~~~~~~~~~~~~~~~~^^^^^^^^^^^^^^^^^^^^^^^^^
  File "/Users/skakibahammed/code_playground/Forecast_Bust/backend/app/feature_provider.py", line 40, in get_forecast_features_batch
    mode = determine_routing_mode(forecast_date)
  File "/Users/skakibahammed/code_playground/Forecast_Bust/backend/app/feature_provider.py", line 30, in determine_routing_mode
    forecast_dt = pd.to_datetime(forecast_date)
  File "/Users/skakibahammed/code_playground/Forecast_Bust/.venv/lib/python3.13/site-packages/pandas/core/tools/datetimes.py", line 1074, in to_datetime
    result = convert_listlike(np.array([arg]), format)[0]
             ~~~~~~~~~~~~~~~~^^^^^^^^^^^^^^^^^^^^^^^^^
  File "/Users/skakibahammed/code_playground/Forecast_Bust/.venv/lib/python3.13/site-packages/pandas/core/tools/datetimes.py", line 437, in _convert_listlike_datetimes
    result, tz_parsed = objects_to_datetime64(
                        ~~~~~~~~~~~~~~~~~~~~~^
        arg,
        ^^^^
    ...<4 lines>...
        allow_object=True,
        ^^^^^^^^^^^^^^^^^^
    )
    ^
  File "/Users/skakibahammed/code_playground/Forecast_Bust/.venv/lib/python3.13/site-packages/pandas/core/arrays/datetimes.py", line 2623, in objects_to_datetime64
    result, tz_parsed = tslib.array_to_datetime(
                        ~~~~~~~~~~~~~~~~~~~~~~~^
        data,
        ^^^^^
    ...<4 lines>...
        creso=abbrev_to_npy_unit(out_unit),
        ^^^^^^^^^^^^^^^^^^^^^^^^^^^^^^^^^^^
    )
    ^
  File "pandas/_libs/tslib.pyx", line 259, in pandas._libs.tslib.array_to_datetime
  File "pandas/_libs/tslib.pyx", line 473, in pandas._libs.tslib.array_to_datetime
  File "pandas/_libs/tslib.pyx", line 430, in pandas._libs.tslib.array_to_datetime
  File "pandas/_libs/tslibs/conversion.pyx", line 658, in pandas._libs.tslibs.conversion.convert_str_to_tsobject
  File "pandas/_libs/tslibs/parsing.pyx", line 321, in pandas._libs.tslibs.parsing.parse_datetime_string
  File "pandas/_libs/tslibs/parsing.pyx", line 674, in pandas._libs.tslibs.parsing.dateutil_parse
pandas._libs.tslibs.parsing.DateParseError: month must be in 1..12: 2026-13-45
INFO:     127.0.0.1:50938 - "GET /api/v1/confidence-map?forecast_date=2000-01-01&lead_day=1 HTTP/1.1" 404 Not Found
INFO:     127.0.0.1:50940 - "GET /api/v1/confidence-map?forecast_date=2000-01-01&lead_day=1 HTTP/1.1" 404 Not Found
INFO:     Shutting down
INFO:     Waiting for application shutdown.
INFO:     Application shutdown complete.
INFO:     Finished server process [81290]
